{"licenses":[{"name":"","id":0,"url":""}],"info":{"contributor":"","date_created":"","description":"","url":"","version":"","year":""},"categories":[{"id":1,"name":"toaster","supercategory":""},{"id":2,"name":"spatula","supercategory":""},{"id":3,"name":"skillet","supercategory":""},{"id":4,"name":"refrigerator","supercategory":""},{"id":5,"name":"plate","supercategory":""},{"id":6,"name":"microwave","supercategory":""},{"id":7,"name":"knife","supercategory":""},{"id":8,"name":"dishwasher","supercategory":""},{"id":9,"name":"coffee mug","supercategory":""},{"id":10,"name":"blender","supercategory":""}],"images":[{"id":1,"width":1000,"height":667,"file_name":"dishwasher_0.jpg","license":0,"flickr_url":"","coco_url":"","date_captured":0},{"id":2,"width":1400,"height":931,"file_name":"dishwasher_1.jpg","license":0,"flickr_url":"","coco_url":"","date_captured":0},{"id":3,"width":2000,"height":2000,"file_name":"dishwasher_10.jpg","license":0,"flickr_url":"","coco_url":"","date_captured":0},{"id":4,"width":1500,"height":1125,"file_name":"dishwasher_11.jpg","license":0,"flickr_url":"","coco_url":"","date_captured":0},{"id":5,"width":1280,"height":854,"file_name":"dishwasher_12.jpg","license":0,"flickr_url":"","coco_url":"","date_captured":0},{"id":6,"width":806,"height":538,"file_name":"dishwasher_13.jpg","license":0,"flickr_url":"","coco_url":"","date_captured":0},{"id":7,"width":780,"height":407,"file_name":"dishwasher_14.jpg","license":0,"flickr_url":"","coco_url":"","date_captured":0},{"id":8,"width":780,"height":1040,"file_name":"dishwasher_15.jpg","license":0,"flickr_url":"","coco_url":"","date_captured":0},{"id":9,"width":1440,"height":1280,"file_name":"dishwasher_16.jpg","license":0,"flickr_url":"","coco_url":"","date_captured":0},{"id":10,"width":948,"height":428,"file_name":"dishwasher_17.jpg","license":0,"flickr_url":"","coco_url":"","date_captured":0},{"id":11,"width":1280,"height":720,"file_name":"dishwasher_18.jpg","license":0,"flickr_url":"","coco_url":"","date_captured":0},{"id":12,"width":2800,"height":886,"file_name":"dishwasher_19.jpg","license":0,"flickr_url":"","coco_url":"","date_captured":0},{"id":13,"width":1200,"height":900,"file_name":"dishwasher_2.jpg","license":0,"flickr_url":"","coco_url":"","date_captured":0},{"id":14,"width":668,"height":639,"file_name":"dishwasher_20.jpg","license":0,"flickr_url":"","coco_url":"","date_captured":0},{"id":15,"width":600,"height":600,"file_name":"dishwasher_21.jpg","license":0,"flickr_url":"","coco_url":"","date_captured":0},{"id":16,"width":1200,"height":604,"file_name":"dishwasher_22.jpg","license":0,"flickr_url":"","coco_url":"","date_captured":0},{"id":17,"width":640,"height":640,"file_name":"dishwasher_23.jpg","license":0,"flickr_url":"","coco_url":"","date_captured":0},{"id":18,"width":972,"height":547,"file_name":"dishwasher_24.jpg","license":0,"flickr_url":"","coco_url":"","date_captured":0},{"id":19,"width":600,"height":600,"file_name":"dishwasher_25.jpg","license":0,"flickr_url":"","coco_url":"","date_captured":0},{"id":20,"width":1280,"height":854,"file_name":"dishwasher_26.jpg","license":0,"flickr_url":"","coco_url":"","date_captured":0},{"id":21,"width":1440,"height":800,"file_name":"dishwasher_28.jpg","license":0,"flickr_url":"","coco_url":"","date_captured":0},{"id":22,"width":600,"height":600,"file_name":"dishwasher_29.jpg","license":0,"flickr_url":"","coco_url":"","date_captured":0},{"id":23,"width":600,"height":600,"file_name":"dishwasher_3.jpg","license":0,"flickr_url":"","coco_url":"","date_captured":0},{"id":24,"width":736,"height":736,"file_name":"dishwasher_30.jpg","license":0,"flickr_url":"","coco_url":"","date_captured":0},{"id":25,"width":300,"height":300,"file_name":"dishwasher_31.jpg","license":0,"flickr_url":"","coco_url":"","date_captured":0},{"id":26,"width":1000,"height":625,"file_name":"dishwasher_32.jpg","license":0,"flickr_url":"","coco_url":"","date_captured":0},{"id":27,"width":600,"height":600,"file_name":"dishwasher_33.jpg","license":0,"flickr_url":"","coco_url":"","date_captured":0},{"id":28,"width":728,"height":687,"file_name":"dishwasher_34.jpg","license":0,"flickr_url":"","coco_url":"","date_captured":0},{"id":29,"width":640,"height":636,"file_name":"dishwasher_35.jpg","license":0,"flickr_url":"","coco_url":"","date_captured":0},{"id":30,"width":2800,"height":886,"file_name":"dishwasher_36.jpg","license":0,"flickr_url":"","coco_url":"","date_captured":0},{"id":31,"width":957,"height":1300,"file_name":"dishwasher_37.jpg","license":0,"flickr_url":"","coco_url":"","date_captured":0},{"id":32,"width":810,"height":450,"file_name":"dishwasher_38.jpg","license":0,"flickr_url":"","coco_url":"","date_captured":0},{"id":33,"width":1440,"height":1280,"file_name":"dishwasher_39.jpg","license":0,"flickr_url":"","coco_url":"","date_captured":0},{"id":34,"width":1000,"height":1000,"file_name":"dishwasher_4.jpg","license":0,"flickr_url":"","coco_url":"","date_captured":0},{"id":35,"width":600,"height":600,"file_name":"dishwasher_40.jpg","license":0,"flickr_url":"","coco_url":"","date_captured":0},{"id":36,"width":2045,"height":970,"file_name":"dishwasher_41.jpg","license":0,"flickr_url":"","coco_url":"","date_captured":0},{"id":37,"width":608,"height":631,"file_name":"dishwasher_42.jpg","license":0,"flickr_url":"","coco_url":"","date_captured":0},{"id":38,"width":1440,"height":1280,"file_name":"dishwasher_44.jpg","license":0,"flickr_url":"","coco_url":"","date_captured":0},{"id":39,"width":1200,"height":900,"file_name":"dishwasher_45.jpg","license":0,"flickr_url":"","coco_url":"","date_captured":0},{"id":40,"width":600,"height":600,"file_name":"dishwasher_46.jpg","license":0,"flickr_url":"","coco_url":"","date_captured":0},{"id":41,"width":1440,"height":800,"file_name":"dishwasher_47.jpg","license":0,"flickr_url":"","coco_url":"","date_captured":0},{"id":42,"width":1200,"height":638,"file_name":"dishwasher_48.jpg","license":0,"flickr_url":"","coco_url":"","date_captured":0},{"id":43,"width":1280,"height":720,"file_name":"dishwasher_5.jpg","license":0,"flickr_url":"","coco_url":"","date_captured":0},{"id":44,"width":1500,"height":1500,"file_name":"dishwasher_50.jpg","license":0,"flickr_url":"","coco_url":"","date_captured":0},{"id":45,"width":1200,"height":752,"file_name":"dishwasher_51.jpg","license":0,"flickr_url":"","coco_url":"","date_captured":0},{"id":46,"width":760,"height":380,"file_name":"dishwasher_52.jpg","license":0,"flickr_url":"","coco_url":"","date_captured":0},{"id":47,"width":1280,"height":720,"file_name":"dishwasher_53.jpg","license":0,"flickr_url":"","coco_url":"","date_captured":0},{"id":48,"width":1280,"height":633,"file_name":"dishwasher_54.jpg","license":0,"flickr_url":"","coco_url":"","date_captured":0},{"id":49,"width":750,"height":1000,"file_name":"dishwasher_55.jpg","license":0,"flickr_url":"","coco_url":"","date_captured":0},{"id":50,"width":600,"height":600,"file_name":"dishwasher_56.jpg","license":0,"flickr_url":"","coco_url":"","date_captured":0},{"id":51,"width":1000,"height":1000,"file_name":"dishwasher_57.jpg","license":0,"flickr_url":"","coco_url":"","date_captured":0},{"id":52,"width":780,"height":407,"file_name":"dishwasher_58.jpg","license":0,"flickr_url":"","coco_url":"","date_captured":0},{"id":53,"width":2500,"height":2500,"file_name":"dishwasher_59.jpg","license":0,"flickr_url":"","coco_url":"","date_captured":0},{"id":54,"width":765,"height":574,"file_name":"dishwasher_60.jpg","license":0,"flickr_url":"","coco_url":"","date_captured":0},{"id":55,"width":1200,"height":800,"file_name":"dishwasher_62.jpg","license":0,"flickr_url":"","coco_url":"","date_captured":0},{"id":56,"width":1500,"height":1125,"file_name":"dishwasher_63.jpg","license":0,"flickr_url":"","coco_url":"","date_captured":0},{"id":57,"width":2400,"height":2500,"file_name":"dishwasher_64.jpg","license":0,"flickr_url":"","coco_url":"","date_captured":0},{"id":58,"width":1280,"height":961,"file_name":"dishwasher_65.jpg","license":0,"flickr_url":"","coco_url":"","date_captured":0},{"id":59,"width":948,"height":428,"file_name":"dishwasher_67.jpg","license":0,"flickr_url":"","coco_url":"","date_captured":0},{"id":60,"width":600,"height":315,"file_name":"dishwasher_68.jpg","license":0,"flickr_url":"","coco_url":"","date_captured":0},{"id":61,"width":972,"height":729,"file_name":"dishwasher_69.jpg","license":0,"flickr_url":"","coco_url":"","date_captured":0},{"id":62,"width":1280,"height":856,"file_name":"dishwasher_7.jpg","license":0,"flickr_url":"","coco_url":"","date_captured":0},{"id":63,"width":600,"height":600,"file_name":"dishwasher_70.jpg","license":0,"flickr_url":"","coco_url":"","date_captured":0},{"id":64,"width":1000,"height":1398,"file_name":"dishwasher_72.jpg","license":0,"flickr_url":"","coco_url":"","date_captured":0},{"id":65,"width":1024,"height":1024,"file_name":"dishwasher_73.jpg","license":0,"flickr_url":"","coco_url":"","date_captured":0},{"id":66,"width":660,"height":480,"file_name":"dishwasher_75.jpg","license":0,"flickr_url":"","coco_url":"","date_captured":0},{"id":67,"width":1440,"height":800,"file_name":"dishwasher_76.jpg","license":0,"flickr_url":"","coco_url":"","date_captured":0},{"id":68,"width":2048,"height":996,"file_name":"dishwasher_77.jpg","license":0,"flickr_url":"","coco_url":"","date_captured":0},{"id":69,"width":616,"height":411,"file_name":"dishwasher_78.jpg","license":0,"flickr_url":"","coco_url":"","date_captured":0},{"id":70,"width":1000,"height":1062,"file_name":"dishwasher_79.jpg","license":0,"flickr_url":"","coco_url":"","date_captured":0},{"id":71,"width":790,"height":440,"file_name":"dishwasher_8.jpg","license":0,"flickr_url":"","coco_url":"","date_captured":0},{"id":72,"width":2011,"height":1258,"file_name":"dishwasher_80.jpg","license":0,"flickr_url":"","coco_url":"","date_captured":0},{"id":73,"width":668,"height":640,"file_name":"dishwasher_81.jpg","license":0,"flickr_url":"","coco_url":"","date_captured":0},{"id":74,"width":1198,"height":744,"file_name":"dishwasher_82.jpg","license":0,"flickr_url":"","coco_url":"","date_captured":0},{"id":75,"width":668,"height":641,"file_name":"dishwasher_83.jpg","license":0,"flickr_url":"","coco_url":"","date_captured":0},{"id":76,"width":765,"height":574,"file_name":"dishwasher_85.jpg","license":0,"flickr_url":"","coco_url":"","date_captured":0},{"id":77,"width":1187,"height":668,"file_name":"dishwasher_86.jpg","license":0,"flickr_url":"","coco_url":"","date_captured":0},{"id":78,"width":1200,"height":1200,"file_name":"dishwasher_87.jpg","license":0,"flickr_url":"","coco_url":"","date_captured":0},{"id":79,"width":1600,"height":1283,"file_name":"dishwasher_88.jpg","license":0,"flickr_url":"","coco_url":"","date_captured":0},{"id":80,"width":800,"height":861,"file_name":"dishwasher_89.jpg","license":0,"flickr_url":"","coco_url":"","date_captured":0},{"id":81,"width":668,"height":640,"file_name":"dishwasher_90.jpg","license":0,"flickr_url":"","coco_url":"","date_captured":0},{"id":82,"width":600,"height":600,"file_name":"dishwasher_91.jpg","license":0,"flickr_url":"","coco_url":"","date_captured":0},{"id":83,"width":785,"height":1000,"file_name":"dishwasher_92.jpg","license":0,"flickr_url":"","coco_url":"","date_captured":0},{"id":84,"width":1200,"height":800,"file_name":"dishwasher_93.jpg","license":0,"flickr_url":"","coco_url":"","date_captured":0},{"id":85,"width":600,"height":339,"file_name":"dishwasher_94.jpg","license":0,"flickr_url":"","coco_url":"","date_captured":0},{"id":86,"width":1440,"height":800,"file_name":"dishwasher_96.jpg","license":0,"flickr_url":"","coco_url":"","date_captured":0},{"id":87,"width":500,"height":500,"file_name":"dishwasher_97.jpg","license":0,"flickr_url":"","coco_url":"","date_captured":0},{"id":88,"width":972,"height":547,"file_name":"dishwasher_98.jpg","license":0,"flickr_url":"","coco_url":"","date_captured":0},{"id":89,"width":1440,"height":800,"file_name":"dishwasher_99.jpg","license":0,"flickr_url":"","coco_url":"","date_captured":0}],"annotations":[{"id":1,"image_id":1,"category_id":8,"segmentation":[[497.29,141.97,667.97,144.38,664.95,373.57,496.68,372.36]],"area":38960.0,"bbox":[496.68,141.97,171.29,231.6],"iscrowd":0,"attributes":{"occluded":false}},{"id":2,"image_id":2,"category_id":8,"segmentation":[[552.03,507.78,646.76,500.0,647.77,642.77,551.4,662.4]],"area":14196.0,"bbox":[551.4,500.0,96.37,162.4],"iscrowd":0,"attributes":{"occluded":false}},{"id":3,"image_id":3,"category_id":8,"segmentation":[[1091.34,836.39,1763.48,836.39,1887.06,1362.35,1104.9,1360.84]],"area":382012.0,"bbox":[1091.34,836.39,795.72,525.96],"iscrowd":0,"attributes":{"occluded":false}},{"id":4,"image_id":4,"category_id":8,"segmentation":[[341.31,505.37,878.91,465.82,881.84,515.62,1015.3,532.8,1018.4,586.7,1158.69,574.22,1195.31,615.23,965.33,1122.07,339.84,1122.07]],"area":462996.0,"bbox":[339.84,465.82,855.47,656.25],"iscrowd":0,"attributes":{"occluded":false}},{"id":5,"image_id":5,"category_id":8,"segmentation":[[249.77,204.97,244.4,227.5,276.58,306.86,259.42,316.51,254.75,323.83,255.75,332.44,258.37,338.17,279.44,345.91,283.68,344.16,293.41,345.91,415.33,668.04,422.14,725.01,660.74,852.41,827.47,853.3,901.4,238.72,357.56,174.58,359.7,221.6]],"area":315636.0,"bbox":[244.4,174.58,657.0,678.72],"iscrowd":0,"attributes":{"occluded":false}},{"id":6,"image_id":6,"category_id":8,"segmentation":[[468.85,67.95,756.06,53.94,756.76,102.28,765.17,100.88,761.67,495.97,490.57,470.05,481.46,434.32,468.15,430.12]],"area":123252.0,"bbox":[468.15,53.94,297.02,442.03],"iscrowd":0,"attributes":{"occluded":false}},{"id":7,"image_id":7,"category_id":9,"segmentation":[[400.79,72.95,408.88,78.84,409.99,88.41,404.84,97.98,395.27,102.39,405.94,109.02,385.33,136.99,387.42,140.49,373.22,162.82,357.54,180.86,360.79,184.71,358.3,190.45,334.66,221.97,305.31,269.13,307.85,273.24,305.26,279.58,248.19,346.19,201.91,304.09,181.61,264.08,218.04,224.96,247.0,184.35,257.15,183.75,252.37,177.19,282.05,141.01,291.38,143.71,286.82,134.79,335.65,73.69,349.63,78.47,392.69,70.74]],"area":26133.0,"bbox":[181.61,70.74,228.38,275.45],"iscrowd":0,"attributes":{"occluded":false}},{"id":8,"image_id":7,"category_id":8,"segmentation":[[268.91,27.46,273.03,108.98,151.78,254.49,157.97,282.35,163.65,274.09,290.58,385.03,291.44,405.85,694.49,406.45,725.58,60.65]],"area":174460.0,"bbox":[151.78,27.46,573.8,378.99],"iscrowd":0,"attributes":{"occluded":false}},{"id":9,"image_id":8,"category_id":8,"segmentation":[[296.59,430.09,288.13,807.19,276.63,809.9,274.72,826.85,267.17,825.59,252.05,833.78,249.9,876.64,238.94,878.15,238.19,892.89,281.27,901.21,355.27,903.92,356.18,917.53,364.34,926.14,480.89,925.24,492.68,921.16,498.58,906.19,563.43,907.1,610.14,891.68,615.58,882.15,614.68,871.72,601.98,871.27,601.53,830.46,580.66,830.0,580.66,806.87,574.95,807.49,568.16,430.44]],"area":141456.0,"bbox":[238.19,430.09,377.39,496.05],"iscrowd":0,"attributes":{"occluded":false}},{"id":10,"image_id":9,"category_id":8,"segmentation":[[611.28,410.59,611.88,440.42,588.24,445.85,585.52,453.21,585.52,462.13,611.1,467.55,616.1,834.36,642.22,848.42,642.22,872.54,878.66,1007.83,879.33,956.26,843.16,940.18,844.96,469.77,855.01,471.44,855.01,457.49]],"area":114549.0,"bbox":[585.52,410.59,293.81,597.24],"iscrowd":0,"attributes":{"occluded":false}},{"id":11,"image_id":10,"category_id":8,"segmentation":[[174.13,60.17,197.74,120.71,186.23,130.39,181.66,137.24,184.28,146.29,197.71,153.29,200.05,148.04,209.39,152.13,305.49,401.67,306.11,426.5,627.99,427.27,666.34,72.72,256.46,19.61,258.88,57.75,185.02,47.46]],"area":154805.0,"bbox":[174.13,19.61,492.21,407.66],"iscrowd":0,"attributes":{"occluded":false}},{"id":12,"image_id":12,"category_id":8,"segmentation":[[1448.49,183.29,1451.71,759.98,1460.9,760.4,1461.62,784.29,1897.05,784.01,1896.42,759.47,1904.37,759.47,1905.43,184.94]],"area":272352.0,"bbox":[1448.49,183.29,456.94,601.0],"iscrowd":0,"attributes":{"occluded":false}},{"id":13,"image_id":13,"category_id":8,"segmentation":[[401.9,12.5,609.38,90.23,847.27,71.48,849.61,97.27,894.14,97.27,923.44,111.33,922.27,171.09,1045.31,172.27,1032.42,386.72,997.27,376.17,1004.3,424.22,1012.5,437.11,1017.19,520.31,1067.58,507.42,1082.81,521.48,1079.3,576.56,1089.84,578.91,1089.84,689.06,1198.83,696.09,1199.25,899.47,369.38,898.58,362.81,82.19,390.5,78.23,397.28,71.45,402.37,60.72]],"area":582591.0,"bbox":[362.81,12.5,836.44,886.97],"iscrowd":0,"attributes":{"occluded":false}},{"id":14,"image_id":14,"category_id":8,"segmentation":[[333.43,323.2,426.55,323.2,425.85,444.41,334.83,445.57]],"area":11221.0,"bbox":[333.43,323.2,93.12,122.37],"iscrowd":0,"attributes":{"occluded":false}},{"id":15,"image_id":15,"category_id":8,"segmentation":[[577.08,204.65,581.66,216.2,577.3,215.99,575.78,238.23,579.35,238.64,579.04,243.84,576.04,243.64,575.04,246.94,568.25,245.14,568.54,241.44,548.95,236.64,549.04,241.54,493.44,271.06,501.73,276.24,504.37,281.94,502.93,312.3,498.97,320.58,392.36,379.16,378.25,368.5,379.4,350.36,364.28,359.28,346.28,352.66,235.47,403.15,234.75,427.52,226.51,431.1,169.9,407.45,167.65,567.79,186.23,598.25,-0.27,598.99,0.11,5.1,169.53,41.41,169.53,98.44,300.0,132.81,320.31,132.81,324.95,142.64,349.29,149.18,356.56,143.19,431.17,162.71,437.18,170.04,550.05,197.24,570.76,199.42]],"area":179367.0,"bbox":[-0.27,5.1,581.93,593.89],"iscrowd":0,"attributes":{"occluded":false}},{"id":16,"image_id":16,"category_id":7,"segmentation":[[827.8,352.74,836.39,361.52,860.35,368.47,860.35,370.85,877.73,379.63,882.85,377.98,882.67,371.95,850.29,357.86,852.67,354.94]],"area":434.0,"bbox":[827.8,352.74,55.05,26.89],"iscrowd":0,"attributes":{"occluded":false}},{"id":17,"image_id":16,"category_id":5,"segmentation":[[960.07,323.31,959.18,308.45,932.12,301.21,885.64,304.01,886.27,316.58,914.6,328.01,948.0,326.36,947.88,323.19]],"area":1561.0,"bbox":[885.64,301.21,74.43,26.8],"iscrowd":0,"attributes":{"occluded":false}},{"id":18,"image_id":17,"category_id":8,"segmentation":[[33.38,135.36,34.79,152.49,36.92,153.27,65.33,459.43,85.11,464.74,93.79,469.56,94.27,477.27,328.16,563.12,322.32,170.65,48.66,127.73]],"area":99340.0,"bbox":[33.38,127.73,294.78,435.39],"iscrowd":0,"attributes":{"occluded":false}},{"id":19,"image_id":18,"category_id":8,"segmentation":[[312.09,146.26,308.48,322.73,317.25,323.24,316.74,373.81,456.05,405.8,691.33,373.81,691.33,365.04,804.85,350.59,803.82,329.95,784.73,326.86,781.12,314.47,744.48,309.31,749.64,254.1,702.69,247.91,696.5,226.24,683.08,206.12,681.53,148.84,448.31,148.84]],"area":99418.0,"bbox":[308.48,146.26,496.37,259.54],"iscrowd":0,"attributes":{"occluded":false}},{"id":20,"image_id":18,"category_id":9,"segmentation":[[461.96,185.4,464.38,174.23,482.47,167.07,493.8,173.03,499.76,181.78,505.93,174.23,522.23,169.85,536.14,179.59,537.73,175.62,544.09,171.44,556.42,168.06,570.13,175.42,583.85,203.25,582.25,207.64,560.85,219.34,541.25,222.44,537.45,219.84,536.65,212.54,514.45,220.94,503.75,220.24,498.35,208.84,474.56,217.0,466.06,216.6]],"area":5043.0,"bbox":[461.96,167.07,121.89,55.37],"iscrowd":0,"attributes":{"occluded":false}},{"id":21,"image_id":19,"category_id":6,"segmentation":[],"area":13667.956800000004,"bbox":[262.45,140.07,163.18,83.76],"iscrowd":0,"attributes":{"occluded":false,"rotation":0.0}},{"id":22,"image_id":19,"category_id":8,"segmentation":[[440.47,320.43,587.5,320.43,586.96,525.51,442.64,523.88]],"area":29813.0,"bbox":[440.47,320.43,147.03,205.08],"iscrowd":0,"attributes":{"occluded":false}},{"id":23,"image_id":19,"category_id":4,"segmentation":[[14.08,143.68,12.64,498.92,173.65,525.63,240.07,491.7,239.35,152.35,173.65,140.07]],"area":83389.0,"bbox":[12.64,140.07,227.43,385.56],"iscrowd":0,"attributes":{"occluded":false}},{"id":24,"image_id":20,"category_id":8,"segmentation":[[394.6,152.06,427.96,351.11,308.98,315.52,298.97,332.2,237.81,312.19,211.12,355.56,490.23,661.35,881.65,840.38,1054.0,316.64]],"area":317855.0,"bbox":[211.12,152.06,842.88,688.32],"iscrowd":0,"attributes":{"occluded":false}},{"id":25,"image_id":21,"category_id":8,"segmentation":[[998.73,98.62,718.96,86.46,718.96,130.21,543.96,154.17,543.26,183.85,642.89,193.06,647.08,201.44,670.52,205.2,662.15,210.23,653.36,222.37,647.08,237.44,507.26,261.72,507.27,278.71,516.68,280.8,515.64,335.92,527.15,339.76,527.85,360.34,585.06,376.74,583.66,397.32,569.48,408.93,554.91,429.03,543.35,455.15,511.71,462.18,486.09,475.74,483.89,565.92,399.86,590.37,394.83,597.41,393.83,606.95,358.16,617.5,360.67,648.14,621.01,788.3,627.04,786.29,628.55,794.33,634.08,796.34,635.58,783.28,997.86,629.87]],"area":298257.0,"bbox":[358.16,86.46,640.57,709.88],"iscrowd":0,"attributes":{"occluded":false}},{"id":26,"image_id":22,"category_id":8,"segmentation":[[184.83,101.36,426.8,100.82,418.66,409.52,194.6,412.24]],"area":72216.0,"bbox":[184.83,100.82,241.97,311.42],"iscrowd":0,"attributes":{"occluded":false}},{"id":27,"image_id":23,"category_id":5,"segmentation":[[190.0,331.0,187.0,296.0,190.0,292.0,197.0,268.0,200.0,267.0,202.0,269.0,204.0,289.0,208.0,292.0,206.0,302.0,206.0,297.0,211.0,290.0,216.0,269.0,219.0,269.0,222.0,278.0,231.0,280.0,236.0,267.0,239.0,273.0,243.0,307.0,248.0,310.0,246.0,308.0,244.0,309.0,245.0,329.0,236.0,328.0,221.0,332.0,219.0,330.0,217.0,331.0,216.0,327.0,215.0,329.0,212.0,325.0,208.0,325.0,207.0,327.0]],"area":2753.0,"bbox":[187.0,267.0,61.0,65.0],"iscrowd":0,"attributes":{"occluded":false}},{"id":28,"image_id":23,"category_id":8,"segmentation":[[131.25,14.84,132.81,343.75,127.34,357.81,128.91,417.19,80.47,528.12,81.54,561.61,123.85,560.96,125.15,585.7,476.07,585.7,476.72,560.3,519.04,560.3,520.34,526.45,470.21,420.33,472.24,358.16,463.91,342.89,464.6,15.78]],"area":200706.0,"bbox":[80.47,14.84,439.87,570.86],"iscrowd":0,"attributes":{"occluded":false}},{"id":29,"image_id":23,"category_id":5,"segmentation":[[366.0,356.0,357.0,342.0,339.0,325.0,340.0,313.0,337.0,314.0,322.0,310.0,312.0,312.0,305.0,309.0,276.0,319.0,284.0,233.0,286.0,234.0,288.0,252.0,297.0,270.0,300.0,267.0,304.0,234.0,308.0,256.0,317.0,271.0,323.0,234.0,325.0,235.0,327.0,253.0,333.0,253.0,330.0,252.0,328.0,255.0,334.0,267.0,338.0,262.0,341.0,237.0,343.0,235.0,345.0,237.0,347.0,256.0,353.0,268.0,356.0,267.0,355.0,262.0,359.0,238.0,363.0,234.0,366.0,254.0,371.0,266.0,374.0,269.0,378.0,267.0,374.0,269.0,374.0,308.0,372.0,337.0,370.0,339.0,372.0,353.0]],"area":6509.0,"bbox":[276.0,233.0,102.0,123.0],"iscrowd":0,"attributes":{"occluded":false}},{"id":30,"image_id":24,"category_id":8,"segmentation":[[95.3,159.5,220.7,175.4,346.89,193.82,348.48,223.36,374.04,222.57,373.24,257.7,364.46,257.7,362.06,299.23,348.48,299.23,349.28,347.15,374.84,343.95,373.24,361.52,414.77,363.92,416.37,466.94,489.84,479.72,489.84,494.89,519.39,498.88,515.39,523.64,227.09,546.8,144.84,519.65,82.55,520.45]],"area":111353.0,"bbox":[82.55,159.5,436.84,387.3],"iscrowd":0,"attributes":{"occluded":false}},{"id":31,"image_id":25,"category_id":8,"segmentation":[[0.78,298.83,0.0,0.39,148.05,1.56,150.0,16.8,207.81,16.02,198.44,121.48,267.58,107.42,271.48,114.84,289.06,109.77,299.22,127.73,262.11,161.72,262.89,169.53,257.81,173.05,251.56,170.7,183.2,232.42,171.88,235.16,169.92,260.16,53.52,298.83]],"area":60532.0,"bbox":[0.0,0.39,299.22,298.44],"iscrowd":0,"attributes":{"occluded":false}},{"id":32,"image_id":26,"category_id":8,"segmentation":[[249.3,133.4,740.8,132.62,737.54,623.35,250.07,622.53]],"area":239799.0,"bbox":[249.3,132.62,491.5,490.73],"iscrowd":0,"attributes":{"occluded":false}},{"id":33,"image_id":27,"category_id":9,"segmentation":[[306.0,164.0,305.0,152.0,296.0,141.0,285.0,137.0,279.0,137.0,273.0,140.0,261.0,126.0,258.0,116.0,251.0,109.0,247.0,108.0,224.0,111.0,209.0,126.0,191.0,130.0,183.0,137.0,186.0,143.0,189.0,143.0,190.0,148.0,199.0,149.0,202.0,153.0,204.0,151.0,210.0,157.0,217.0,157.0,226.0,167.0,255.0,174.0,274.0,174.0,276.0,176.0]],"area":4770.0,"bbox":[183.0,108.0,123.0,68.0],"iscrowd":0,"attributes":{"occluded":false}},{"id":34,"image_id":27,"category_id":8,"segmentation":[[1.08,597.11,105.78,598.56,336.82,522.02,340.43,472.2,365.7,467.15,596.03,257.76,580.14,223.1,533.93,218.77,354.87,252.71,377.98,0.0,3.97,0.72]],"area":234852.0,"bbox":[1.08,0.0,594.95,598.56],"iscrowd":0,"attributes":{"occluded":false}},{"id":35,"image_id":28,"category_id":8,"segmentation":[[220.15,496.86,241.65,496.86,241.65,480.32,311.09,462.96,306.13,348.05,344.99,322.42,343.0,319.0,344.0,312.0,461.55,300.1,687.25,309.19,679.8,519.18,575.64,563.82,502.06,551.42,479.74,558.03,220.98,516.7]],"area":93471.0,"bbox":[220.15,300.1,467.1,263.72],"iscrowd":0,"attributes":{"occluded":false}},{"id":36,"image_id":28,"category_id":9,"segmentation":[],"area":3961.9455000000016,"bbox":[410.83,427.68,79.35,49.93],"iscrowd":0,"attributes":{"occluded":false,"rotation":0.0}},{"id":37,"image_id":28,"category_id":5,"segmentation":[],"area":4953.640799999992,"bbox":[517.82,362.59,59.74,82.92],"iscrowd":0,"attributes":{"occluded":false,"rotation":0.0}},{"id":38,"image_id":28,"category_id":5,"segmentation":[],"area":8307.943800000003,"bbox":[79.15,432.14,119.47,69.54],"iscrowd":0,"attributes":{"occluded":false,"rotation":0.0}},{"id":39,"image_id":29,"category_id":8,"segmentation":[[145.18,49.84,116.7,70.4,118.28,214.37,99.3,214.37,93.76,246.81,126.19,584.58,491.66,587.75,524.88,244.43,524.09,219.12,505.1,215.16,503.52,68.03,479.0,50.63]],"area":211983.0,"bbox":[93.76,49.84,431.12,537.91],"iscrowd":0,"attributes":{"occluded":false}},{"id":40,"image_id":30,"category_id":8,"segmentation":[[1116.78,53.58,1126.44,163.0,1425.75,172.66,1448.28,294.95,1361.38,465.53,1589.88,452.66,1557.7,739.09,1033.1,732.66,971.95,204.84]],"area":286688.0,"bbox":[971.95,53.58,617.93,685.51],"iscrowd":0,"attributes":{"occluded":false}},{"id":41,"image_id":31,"category_id":8,"segmentation":[[189.07,263.56,195.54,1004.1,216.56,1084.95,669.3,1214.3,690.32,1201.37,690.32,1083.33,659.59,1078.48,677.38,284.58]],"area":417005.0,"bbox":[189.07,263.56,501.25,950.74],"iscrowd":0,"attributes":{"occluded":false}},{"id":42,"image_id":32,"category_id":8,"segmentation":[[332.29,22.14,336.95,426.21,563.19,391.76,565.05,361.96,714.95,124.55,703.77,101.27,601.36,103.14,599.5,67.76,565.98,67.76,565.98,18.41]],"area":111830.0,"bbox":[332.29,18.41,382.66,407.8],"iscrowd":0,"attributes":{"occluded":false}},{"id":43,"image_id":33,"category_id":8,"segmentation":[],"area":452413.43999999994,"bbox":[418.84,406.59,589.08,768.0],"iscrowd":0,"attributes":{"occluded":false,"rotation":0.0}},{"id":44,"image_id":34,"category_id":8,"segmentation":[[217.66,24.88,223.88,609.45,245.02,609.45,134.33,889.3,134.33,937.81,205.22,937.81,205.22,972.64,796.02,976.37,797.26,935.32,869.4,935.32,869.4,885.57,753.73,628.11,769.9,606.96,769.9,29.9]],"area":550183.0,"bbox":[134.33,24.88,735.07,951.49],"iscrowd":0,"attributes":{"occluded":false}},{"id":45,"image_id":35,"category_id":5,"segmentation":[[221.0,470.0,225.0,450.0,231.0,438.0,231.0,428.0,236.0,427.0,259.0,405.0,262.0,398.0,270.0,400.0,277.0,394.0,286.0,394.0,286.0,390.0,295.0,381.0,310.0,374.0,316.0,367.0,332.0,358.0,343.0,356.0,370.0,357.0,393.0,366.0,402.0,373.0,419.0,373.0,419.0,379.0,428.0,390.0,428.0,395.0,441.0,410.0,440.0,415.0,448.0,423.0,456.0,445.0,460.0,450.0,459.0,452.0,466.0,473.0,466.0,481.0,468.0,483.0,468.0,491.0,470.0,492.0,471.0,500.0,468.0,501.0,467.0,516.0,469.0,519.0,465.0,520.0,463.0,526.0,451.0,517.0,448.0,519.0,432.0,520.0,416.0,532.0,416.0,525.0,414.0,532.0,409.0,534.0,404.0,549.0,397.0,556.0,385.0,584.0,380.0,545.0,374.0,538.0,370.0,540.0,367.0,538.0,365.0,524.0,355.0,519.0,353.0,544.0,336.0,559.0,333.0,560.0,331.0,558.0,322.0,565.0,321.0,580.0,312.0,587.0,313.0,594.0,220.18,484.66]],"area":37340.0,"bbox":[220.18,356.0,250.82,238.0],"iscrowd":0,"attributes":{"occluded":false}},{"id":46,"image_id":35,"category_id":5,"segmentation":[[294.73,582.7,281.0,544.0,270.0,526.0,242.0,498.0,224.0,487.0,220.0,488.0,203.0,483.0,188.0,483.0,187.0,479.0,177.0,469.0,160.0,463.0,150.0,462.0,150.0,457.0,139.0,454.0,119.0,454.0,96.0,462.0,77.0,476.0,68.0,466.0,77.0,476.0,60.0,494.0,46.0,516.0,34.0,543.0,26.0,576.0,17.0,572.0]],"area":23547.0,"bbox":[17.0,454.0,277.73,128.7],"iscrowd":0,"attributes":{"occluded":false}},{"id":47,"image_id":35,"category_id":8,"segmentation":[[19.28,202.03,22.38,243.81,234.38,336.66,228.19,427.96,218.9,485.21,143.08,452.71,101.3,452.71,59.51,475.93,22.38,526.99,13.09,596.63,596.48,593.53,594.94,137.03,234.38,36.45,235.93,113.82]],"area":239115.0,"bbox":[13.09,36.45,583.39,560.18],"iscrowd":0,"attributes":{"occluded":false}},{"id":48,"image_id":36,"category_id":8,"segmentation":[],"area":1971356.464,"bbox":[7.0,0.65,2035.6,968.44],"iscrowd":0,"attributes":{"occluded":false,"rotation":0.0}},{"id":49,"image_id":37,"category_id":8,"segmentation":[],"area":168554.39199999996,"bbox":[131.59,132.76,339.8,496.04],"iscrowd":0,"attributes":{"occluded":false,"rotation":0.0}},{"id":50,"image_id":38,"category_id":8,"segmentation":[[892.14,651.59,892.14,678.07,860.69,678.07,864.0,697.93,885.52,701.24,885.52,939.59,1008.0,1019.03,1006.34,694.62]],"area":37574.0,"bbox":[860.69,651.59,147.31,367.44],"iscrowd":0,"attributes":{"occluded":false}},{"id":51,"image_id":38,"category_id":8,"segmentation":[[1388.69,90.48,1100.69,135.17,1097.38,1080.28,1382.07,1264.0]],"area":303589.0,"bbox":[1097.38,90.48,291.31,1173.52],"iscrowd":0,"attributes":{"occluded":false}},{"id":52,"image_id":38,"category_id":9,"segmentation":[],"area":1808.368900000004,"bbox":[614.15,555.56,72.83,24.83],"iscrowd":0,"attributes":{"occluded":false,"rotation":0.0}},{"id":53,"image_id":39,"category_id":8,"segmentation":[[289.66,512.07,286.9,690.0,373.79,724.48,373.79,521.72]],"area":16343.0,"bbox":[286.9,512.07,86.89,212.41],"iscrowd":0,"attributes":{"occluded":false}},{"id":54,"image_id":40,"category_id":8,"segmentation":[],"area":9628.799399999998,"bbox":[299.25,303.73,84.33,114.18],"iscrowd":0,"attributes":{"occluded":false,"rotation":0.0}},{"id":55,"image_id":41,"category_id":8,"segmentation":[[690.21,249.38,691.86,719.45,905.38,721.1,905.38,654.9,918.62,246.07]],"area":103988.0,"bbox":[690.21,246.07,228.41,475.03],"iscrowd":0,"attributes":{"occluded":false}},{"id":56,"image_id":41,"category_id":4,"segmentation":[],"area":296512.1312,"bbox":[306.29,2.73,375.56,789.52],"iscrowd":0,"attributes":{"occluded":false,"rotation":0.0}},{"id":57,"image_id":42,"category_id":8,"segmentation":[[411.03,69.34,430.34,630.72,804.14,546.59,817.93,29.34]],"area":210712.0,"bbox":[411.03,29.34,406.9,601.38],"iscrowd":0,"attributes":{"occluded":false}},{"id":58,"image_id":43,"category_id":8,"segmentation":[[901.88,158.44,885.7,610.12,1199.08,561.56,1231.45,133.42]],"area":140521.0,"bbox":[885.7,133.42,345.75,476.7],"iscrowd":0,"attributes":{"occluded":false}},{"id":59,"image_id":44,"category_id":8,"segmentation":[[1195.9,162.31,442.16,111.94,507.46,1436.57,1180.97,1192.16]],"area":842581.0,"bbox":[442.16,111.94,753.74,1324.63],"iscrowd":0,"attributes":{"occluded":false}},{"id":60,"image_id":45,"category_id":8,"segmentation":[],"area":152225.0906,"bbox":[412.41,200.83,332.42,457.93],"iscrowd":0,"attributes":{"occluded":false,"rotation":0.0}},{"id":61,"image_id":46,"category_id":8,"segmentation":[[3.49,376.07,3.49,118.37,250.71,3.06,344.18,1.31,344.18,36.25,368.64,49.36,363.4,65.08,370.39,72.94,392.23,61.59,400.09,77.31,442.9,55.47,450.76,71.2,450.76,85.17,425.42,100.9,452.51,134.97,452.51,148.07,386.99,189.13,291.77,329.77,215.77,376.07]],"area":119899.0,"bbox":[3.49,1.31,449.02,374.76],"iscrowd":0,"attributes":{"occluded":false}},{"id":62,"image_id":47,"category_id":8,"segmentation":[],"area":246412.0488,"bbox":[484.07,48.14,438.44,562.02],"iscrowd":0,"attributes":{"occluded":false,"rotation":0.0}},{"id":63,"image_id":48,"category_id":8,"segmentation":[[409.01,42.84,411.95,122.29,217.75,369.47,223.63,403.3,326.62,503.35,457.56,519.53,460.51,621.05,991.63,626.94,1022.53,229.7,894.53,235.58,879.82,150.25,946.02,122.29,1007.82,141.42,1013.7,88.45]],"area":360340.0,"bbox":[217.75,42.84,804.78,584.1],"iscrowd":0,"attributes":{"occluded":false}},{"id":64,"image_id":49,"category_id":8,"segmentation":[[172.26,398.01,110.07,537.31,268.04,942.79,286.69,935.32,269.28,878.11,578.98,782.34,587.69,839.55,610.07,835.82,550.37,414.18,518.04,414.18,416.04,335.82]],"area":194140.0,"bbox":[110.07,335.82,500.0,606.97],"iscrowd":0,"attributes":{"occluded":false}},{"id":65,"image_id":50,"category_id":8,"segmentation":[[577.61,24.63,281.34,1.49,285.82,105.97,227.61,119.4,228.36,192.54,311.94,206.72,311.94,235.07,298.51,258.96,264.93,240.3,236.57,239.55,220.9,233.58,200.0,233.58,180.6,243.28,160.45,276.87,153.73,347.76,155.22,386.57,170.15,396.27,170.15,407.46,44.78,441.79,45.52,452.24,23.88,455.22,24.63,485.82,275.37,581.34,565.67,473.13]],"area":201401.0,"bbox":[23.88,1.49,553.73,579.85],"iscrowd":0,"attributes":{"occluded":false}},{"id":66,"image_id":50,"category_id":5,"segmentation":[[186.57,383.58,190.0,381.0,179.0,370.0,168.0,349.0,163.0,344.0,158.0,324.0,159.0,292.0,164.0,274.0,172.0,258.0,187.0,243.0,197.0,237.0,221.0,234.0,240.0,239.0,246.0,243.0,270.0,246.0,291.0,260.0,296.0,261.0,296.0,265.0,301.0,270.0,300.0,272.0,301.0,270.0,305.0,275.0,287.0,279.0,287.0,291.0,283.0,296.0,283.0,304.0,286.0,307.0,275.0,317.0,272.0,318.0,242.0,311.0,242.0,308.0,230.0,305.0,224.0,307.0,208.0,304.0,204.0,310.0,203.0,308.0,203.0,332.0,208.0,351.0,219.0,375.0,228.0,384.0,230.0,391.0]],"area":11603.0,"bbox":[158.0,234.0,147.0,157.0],"iscrowd":0,"attributes":{"occluded":false}},{"id":67,"image_id":50,"category_id":9,"segmentation":[[375.37,207.46,377.0,200.0,369.0,182.0,371.0,177.0,369.0,178.0,367.0,176.0,366.0,166.0,362.0,160.0,364.0,151.0,376.0,142.0,395.0,136.0,404.0,136.0,405.0,143.0,408.0,146.0,415.0,147.0,423.0,155.0,428.0,180.0,431.0,182.0,433.0,191.0,435.0,193.0,437.0,191.0]],"area":3394.0,"bbox":[362.0,136.0,75.0,71.46],"iscrowd":0,"attributes":{"occluded":false}},{"id":68,"image_id":51,"category_id":8,"segmentation":[],"area":601143.193,"bbox":[179.1,31.09,639.31,940.3],"iscrowd":0,"attributes":{"occluded":false,"rotation":0.0}},{"id":69,"image_id":52,"category_id":8,"segmentation":[[619.52,6.26,347.86,2.67,362.21,77.98,391.79,92.33,390.0,105.78,370.28,109.36,338.9,120.12,329.03,140.74,327.24,159.57,306.62,173.02,317.38,240.26,157.79,315.57,157.79,340.67,247.45,404.33,477.86,402.53,610.55,310.19]],"area":123973.0,"bbox":[157.79,2.67,461.73,401.66],"iscrowd":0,"attributes":{"occluded":false}},{"id":70,"image_id":53,"category_id":8,"segmentation":[[2496.89,1063.43,1514.3,1958.96,1439.68,1974.5,1417.91,2142.41,404.23,2481.34,18.66,2478.23,9.33,323.38,1560.95,171.02,1498.76,1023.01,2201.49,886.19,2241.92,932.84,2406.72,932.84]],"area":3691353.0,"bbox":[9.33,171.02,2487.56,2310.32],"iscrowd":0,"attributes":{"occluded":false}},{"id":71,"image_id":54,"category_id":8,"segmentation":[],"area":63459.215100000016,"bbox":[402.71,238.63,215.43,294.57],"iscrowd":0,"attributes":{"occluded":false,"rotation":0.0}},{"id":72,"image_id":55,"category_id":8,"segmentation":[[565.52,88.28,571.03,521.38,533.79,652.41,533.79,689.66,1005.52,688.28,1006.9,657.93,968.28,518.62,971.03,88.28]],"area":248102.0,"bbox":[533.79,88.28,473.11,601.38],"iscrowd":0,"attributes":{"occluded":false}},{"id":73,"image_id":56,"category_id":8,"segmentation":[[441.38,12.5,481.03,1110.78,865.52,1115.95,1182.76,1002.16,1194.83,5.6]],"area":785577.0,"bbox":[441.38,5.6,753.45,1110.35],"iscrowd":0,"attributes":{"occluded":false}},{"id":74,"image_id":57,"category_id":8,"segmentation":[[267.16,3.11,288.93,136.82,217.41,475.75,133.46,481.96,133.46,550.37,363.56,1483.21,403.98,1498.76,338.68,1990.05,295.15,2005.6,282.71,2077.11,413.31,2484.45,2017.79,2484.45,2154.6,2064.68,2132.84,2014.93,2079.98,2014.93,2005.35,1498.76,2045.77,1498.76,2275.87,544.15,2260.32,485.07,2204.35,491.29,2167.0,6.2]],"area":4561994.0,"bbox":[133.46,3.11,2142.41,2481.34],"iscrowd":0,"attributes":{"occluded":false}},{"id":75,"image_id":58,"category_id":8,"segmentation":[],"area":247745.69280000002,"bbox":[434.05,261.32,417.84,592.92],"iscrowd":0,"attributes":{"occluded":false,"rotation":0.0}},{"id":76,"image_id":59,"category_id":8,"segmentation":[[660.33,78.88,622.19,419.95,320.36,423.21,181.97,64.72,248.44,59.27,256.07,21.13]],"area":145874.0,"bbox":[181.97,21.13,478.36,402.08],"iscrowd":0,"attributes":{"occluded":false}},{"id":77,"image_id":60,"category_id":8,"segmentation":[],"area":9378.123199999998,"bbox":[298.62,88.55,85.52,109.66],"iscrowd":0,"attributes":{"occluded":false,"rotation":0.0}},{"id":78,"image_id":61,"category_id":8,"segmentation":[[232.39,270.65,230.15,515.33,379.86,560.02,659.17,523.15,663.64,509.74,786.54,494.1,786.54,477.34,765.31,470.64,765.31,450.53,713.92,446.06,719.5,389.08,674.81,379.02,649.12,327.63,650.23,271.77,644.65,261.71,384.33,261.71,240.21,259.48]],"area":128905.0,"bbox":[230.15,259.48,556.39,300.54],"iscrowd":0,"attributes":{"occluded":false}},{"id":79,"image_id":62,"category_id":8,"segmentation":[[397.24,48.41,400.18,795.82,816.55,731.08,816.55,661.93,1101.98,219.08,1085.79,191.13,1024.0,189.66,1016.64,176.41,896.0,180.83,893.06,121.98,850.39,120.51,848.92,35.17]],"area":382254.0,"bbox":[397.24,35.17,704.74,760.65],"iscrowd":0,"attributes":{"occluded":false}},{"id":80,"image_id":63,"category_id":8,"segmentation":[[535.07,72.39,275.37,55.22,275.37,83.58,261.94,83.58,261.94,102.99,290.3,108.21,290.3,140.3,207.46,151.49,206.72,223.88,297.01,242.54,297.01,252.99,270.15,283.58,259.7,276.87,209.7,258.96,190.3,259.7,161.19,273.88,151.49,292.54,141.79,319.4,144.78,345.52,144.78,413.43,47.76,447.01,47.01,461.19,27.61,468.66,26.87,483.58,255.22,571.64,536.57,469.4]],"area":168124.0,"bbox":[26.87,55.22,509.7,516.42],"iscrowd":0,"attributes":{"occluded":false}},{"id":81,"image_id":64,"category_id":9,"segmentation":[[256.0,279.0,294.0,323.0,328.0,347.0,339.0,342.0,383.0,279.0,376.0,262.0,315.0,262.0,312.0,242.0,288.0,234.0]],"area":7725.0,"bbox":[256.0,234.0,127.0,113.0],"iscrowd":0,"attributes":{"occluded":false}},{"id":82,"image_id":64,"category_id":8,"segmentation":[[173.1,191.27,162.67,834.63,120.94,890.27,134.85,1045.02,42.69,1255.42,42.69,1328.45,962.52,1319.75,964.26,1257.16,842.54,992.86,842.54,867.66,790.38,752.9,790.38,187.79]],"area":789989.0,"bbox":[42.69,187.79,921.57,1140.66],"iscrowd":0,"attributes":{"occluded":false}},{"id":83,"image_id":64,"category_id":5,"segmentation":[[632.0,907.0,584.0,907.0,579.0,897.0,519.0,898.0,514.0,893.0,515.0,889.0,513.0,884.0,475.0,886.0,478.0,848.0,477.0,814.0,473.0,812.0,473.0,807.0,478.0,804.0,478.0,768.0,480.0,765.0,487.0,649.0,491.0,623.0,495.0,617.0,502.0,622.0,505.0,618.0,518.0,619.0,526.0,630.0,533.0,632.0,537.0,630.0,537.0,620.0,540.0,617.0,552.0,618.0,560.0,626.0,564.0,637.0,566.0,623.0,569.0,618.0,584.0,619.0,591.0,626.0,593.0,624.0,591.0,628.0,596.0,639.0,599.0,655.0,606.0,657.0,610.0,661.0,617.0,686.0,619.0,707.0,626.0,711.0,620.0,715.0,626.0,762.0,629.0,764.0,632.0,761.0,627.0,769.0,630.0,818.0,633.0,821.0,631.0,830.0,631.0,864.0,634.0,867.0,634.0,905.0]],"area":38874.0,"bbox":[473.0,617.0,161.0,290.0],"iscrowd":0,"attributes":{"occluded":false}},{"id":84,"image_id":64,"category_id":5,"segmentation":[[235.0,956.0,187.01,951.13,190.0,948.0,188.0,945.0,181.0,946.0,168.0,943.0,166.0,941.0,169.0,939.0,162.0,934.0,164.0,914.0,160.0,910.0,164.0,905.0,166.0,863.0,168.0,861.0,162.0,819.0,164.0,802.0,167.0,803.0,160.0,796.0,159.0,744.0,164.0,711.0,172.0,688.0,191.0,660.0,201.0,652.0,202.0,648.0,205.0,650.0,229.0,637.0,241.0,639.0,253.0,651.0,272.0,676.0,282.0,693.0,286.0,714.0,290.0,720.0,291.0,740.0,308.0,743.0,306.0,746.0,298.0,749.0,293.0,758.0,294.0,767.0,289.0,772.0,294.0,775.0,294.0,786.0,291.0,806.0,285.0,812.0,286.0,856.0,288.0,863.0,293.0,858.0,293.0,855.0,293.0,858.0,288.0,863.0,286.0,851.0,274.0,838.0,271.0,840.0,271.0,864.0,264.0,866.0,265.0,904.0,263.0,904.0,263.0,910.0,258.0,911.0,255.0,916.0,243.0,917.0,241.0,944.0,239.0,946.0,239.0,952.0]],"area":33233.0,"bbox":[159.0,637.0,149.0,319.0],"iscrowd":0,"attributes":{"occluded":false}},{"id":85,"image_id":65,"category_id":5,"segmentation":[[771.0,287.0,761.0,296.0,763.0,305.0,762.0,326.0,756.0,354.0,758.0,360.0,769.0,351.0,772.0,351.0,776.0,355.0,767.0,372.0,763.0,388.0,764.0,400.0,766.0,401.0,762.0,414.0,769.0,417.0,766.0,422.0,769.0,424.0,769.0,431.0,775.0,431.0,777.0,434.0,781.0,432.0,790.0,439.0,788.0,460.0,797.0,469.0,799.0,467.0,805.0,473.0,810.0,473.0,812.0,477.0,825.0,478.0,831.0,487.0,843.0,486.0,845.0,484.0,867.0,483.0,876.0,476.0,887.0,454.0,885.0,452.0,888.0,446.0,894.0,415.0,895.0,381.0,889.0,350.0,883.0,335.0,872.0,319.0,856.0,308.0,842.0,307.0,838.0,309.0,833.0,304.0,827.0,306.0,822.0,304.0,814.0,307.0,806.0,304.0,803.0,307.0,791.0,295.0]],"area":20447.0,"bbox":[756.0,287.0,139.0,200.0],"iscrowd":0,"attributes":{"occluded":false}},{"id":86,"image_id":65,"category_id":9,"segmentation":[[583.0,360.0,553.0,290.0,486.0,276.0,468.0,285.0,458.0,271.0,428.0,280.0,411.0,267.0,383.0,285.0,359.0,278.0,356.0,352.0,366.0,364.0,410.0,359.0,420.0,376.0,518.37,388.46]],"area":20062.0,"bbox":[356.0,267.0,227.0,121.46],"iscrowd":0,"attributes":{"occluded":false}},{"id":87,"image_id":66,"category_id":8,"segmentation":[[154.76,139.1,169.93,234.69,159.31,246.83,123.66,247.59,121.38,273.38,204.83,456.97,459.72,456.97,540.9,272.62,536.34,249.86,504.48,246.83,500.69,236.97,509.79,136.07]],"area":110275.0,"bbox":[121.38,136.07,419.52,320.9],"iscrowd":0,"attributes":{"occluded":false}},{"id":88,"image_id":67,"category_id":8,"segmentation":[[309.52,90.48,329.38,671.45,278.07,797.24,872.28,795.59,825.93,673.1,832.55,85.52]],"area":365591.0,"bbox":[278.07,85.52,594.21,711.72],"iscrowd":0,"attributes":{"occluded":false}},{"id":89,"image_id":68,"category_id":8,"segmentation":[],"area":348905.81700000004,"bbox":[929.84,192.09,499.05,699.14],"iscrowd":0,"attributes":{"occluded":false,"rotation":0.0}},{"id":90,"image_id":69,"category_id":8,"segmentation":[[211.0,67.43,245.69,303.92,348.36,397.38,368.89,395.96,463.06,340.74,477.22,75.93,340.57,41.94]],"area":73070.0,"bbox":[211.0,41.94,266.22,355.44],"iscrowd":0,"attributes":{"occluded":false}},{"id":91,"image_id":70,"category_id":8,"segmentation":[[728.5,29.1,286.01,80.57,292.62,997.28,703.42,772.72]],"area":352916.0,"bbox":[286.01,29.1,442.49,968.18],"iscrowd":0,"attributes":{"occluded":false}},{"id":92,"image_id":71,"category_id":8,"segmentation":[],"area":56450.92500000001,"bbox":[272.4,111.95,202.5,278.77],"iscrowd":0,"attributes":{"occluded":false,"rotation":0.0}},{"id":93,"image_id":72,"category_id":8,"segmentation":[[1137.25,48.82,1141.88,95.04,1054.04,120.47,1058.66,157.46,1139.57,206.0,947.71,298.46,947.71,418.65,772.04,499.56,776.66,645.18,744.3,670.61,744.3,763.07,594.05,864.77,594.05,901.76,945.4,1220.74,1481.67,906.38,1541.77,293.83]],"area":646241.0,"bbox":[594.05,48.82,947.72,1171.92],"iscrowd":0,"attributes":{"occluded":false}},{"id":94,"image_id":73,"category_id":8,"segmentation":[],"area":11834.294399999993,"bbox":[333.23,327.98,92.34,128.16],"iscrowd":0,"attributes":{"occluded":false,"rotation":0.0}},{"id":95,"image_id":74,"category_id":5,"segmentation":[[481.0,438.0,469.0,436.0,467.0,439.0,458.0,437.0,455.0,440.0,455.0,447.0,451.0,451.0,443.0,449.0,435.0,459.0,426.0,450.0,408.0,447.0,406.0,449.0,406.0,465.0,403.0,468.0,393.0,469.0,371.0,454.0,371.0,439.0,367.0,436.0,357.0,434.0,354.0,424.0,351.0,427.0,336.0,422.0,330.0,425.0,329.0,418.0,322.0,417.0,308.0,402.0,298.0,399.0,296.0,396.0,297.0,388.0,288.0,368.0,283.0,344.0,283.0,321.0,287.0,302.0,286.0,297.0,304.0,261.0,319.0,245.0,329.0,238.0,330.0,243.0,335.0,248.0,341.0,248.0,347.0,244.0,346.0,231.0,348.0,229.0,372.0,229.0,392.0,238.0,410.0,256.0,416.0,269.0,413.0,271.0,416.0,269.0,445.0,271.0,458.0,277.0,474.0,293.0,483.0,311.0,489.0,343.0,487.0,372.0,478.0,401.0,480.0,404.0]],"area":35260.0,"bbox":[283.0,229.0,206.0,240.0],"iscrowd":0,"attributes":{"occluded":false}},{"id":96,"image_id":74,"category_id":8,"segmentation":[[775.26,13.98,469.56,16.73,469.56,31.88,413.1,37.39,418.61,73.19,446.15,110.37,497.1,114.5,501.23,301.77,479.2,305.9,454.41,267.35,428.25,267.35,415.86,261.84,396.58,243.94,359.4,227.41,333.24,230.17,305.7,261.84,279.53,325.18,279.53,362.36,289.17,374.75,265.76,396.79,268.52,483.54,132.19,545.5,132.19,589.57,490.22,720.38,776.63,505.57]],"area":279817.0,"bbox":[132.19,13.98,644.44,706.4],"iscrowd":0,"attributes":{"occluded":false}},{"id":97,"image_id":75,"category_id":8,"segmentation":[],"area":11898.796799999996,"bbox":[333.24,362.74,93.28,127.56],"iscrowd":0,"attributes":{"occluded":false,"rotation":0.0}},{"id":98,"image_id":76,"category_id":8,"segmentation":[[157.4,190.28,185.53,400.43,160.03,396.91,157.4,423.29,118.71,425.05,115.19,447.91,98.48,450.55,94.97,472.53,209.28,547.28,550.45,546.4,666.52,476.05,663.0,450.55,640.14,450.55,634.86,425.93,597.93,425.93,597.93,406.59,564.52,403.95,588.26,190.28]],"area":155836.0,"bbox":[94.97,190.28,571.55,357.0],"iscrowd":0,"attributes":{"occluded":false}},{"id":99,"image_id":77,"category_id":8,"segmentation":[],"area":175416.67900000003,"bbox":[414.8,128.01,346.55,506.18],"iscrowd":0,"attributes":{"occluded":false,"rotation":0.0}},{"id":100,"image_id":78,"category_id":8,"segmentation":[[349.25,788.06,691.04,1091.04,965.67,804.48,1146.27,391.04,726.87,213.43,634.33,589.55]],"area":328980.0,"bbox":[349.25,213.43,797.02,877.61],"iscrowd":0,"attributes":{"occluded":false}},{"id":101,"image_id":78,"category_id":5,"segmentation":[[697.01,1059.7,700.0,1058.0,693.0,1046.0,668.0,1012.0,628.0,971.0,613.0,959.0,580.0,940.0,565.0,937.0,559.0,938.0,553.0,948.0,558.0,953.0,553.0,948.0,558.0,937.0,592.0,905.0,617.0,889.0,623.0,888.0,622.0,885.0,624.0,887.0,628.0,886.0,634.0,877.0,636.0,879.0,642.0,877.0,660.0,859.0,672.0,857.0,675.0,850.0,687.0,845.0,702.0,845.0,708.0,853.0,716.0,848.0,720.0,852.0,747.0,866.0,762.0,879.0,757.0,885.0,765.0,881.0,777.0,891.0,782.0,902.0,786.0,906.0,788.0,903.0,791.0,906.0,797.0,918.0,808.0,929.0,789.0,949.0,791.0,956.0,777.0,972.0,776.0,982.0,778.0,991.0,726.0,1047.0]],"area":27758.0,"bbox":[553.0,845.0,255.0,214.7],"iscrowd":0,"attributes":{"occluded":false}},{"id":102,"image_id":79,"category_id":8,"segmentation":[],"area":150796.74060000005,"bbox":[376.97,749.93,340.23,443.22],"iscrowd":0,"attributes":{"occluded":false,"rotation":0.0}},{"id":103,"image_id":80,"category_id":8,"segmentation":[[562.78,52.47,557.42,548.3,286.49,850.29,3.77,661.81,2.7,541.87,80.87,512.96,72.31,406.94,85.16,404.8,64.81,331.98,75.52,324.48,93.72,345.9,104.43,323.41,117.28,324.48,136.56,340.54,136.56,356.61,147.27,356.61,182.61,333.05,215.81,322.34,237.22,326.62,242.58,296.64,153.69,299.85,135.49,203.47,197.6,199.19,227.59,162.78,221.16,112.44]],"area":297068.0,"bbox":[2.7,52.47,560.08,797.82],"iscrowd":0,"attributes":{"occluded":false}},{"id":104,"image_id":81,"category_id":8,"segmentation":[],"area":10955.910000000007,"bbox":[334.03,323.2,89.95,121.8],"iscrowd":0,"attributes":{"occluded":false,"rotation":0.0}},{"id":105,"image_id":82,"category_id":8,"segmentation":[],"area":82772.7712,"bbox":[149.25,123.88,239.56,345.52],"iscrowd":0,"attributes":{"occluded":false,"rotation":0.0}},{"id":106,"image_id":83,"category_id":8,"segmentation":[],"area":277607.556,"bbox":[154.98,257.46,468.9,592.04],"iscrowd":0,"attributes":{"occluded":false,"rotation":0.0}},{"id":107,"image_id":84,"category_id":8,"segmentation":[[648.28,320.0,670.34,405.52,151.72,762.76,150.34,114.48,204.14,103.45,204.14,142.07,303.45,151.72,310.34,216.55,412.41,235.86,424.83,339.31,402.76,390.34,194.48,427.59,202.76,568.28,568.28,308.97,590.34,328.28,606.9,315.86,622.07,328.28]],"area":150206.0,"bbox":[150.34,103.45,520.0,659.31],"iscrowd":0,"attributes":{"occluded":false}},{"id":108,"image_id":86,"category_id":4,"segmentation":[[344.28,77.24,66.21,65.66,19.86,75.59,21.52,793.93,350.9,671.45]],"area":216484.0,"bbox":[19.86,65.66,331.04,728.27],"iscrowd":0,"attributes":{"occluded":false}},{"id":109,"image_id":86,"category_id":8,"segmentation":[[537.93,353.66,418.76,373.52,420.41,606.9,536.28,568.83]],"area":26361.0,"bbox":[418.76,353.66,119.17,253.24],"iscrowd":0,"attributes":{"occluded":false}},{"id":110,"image_id":87,"category_id":5,"segmentation":[[287.0,438.0,269.0,429.0,229.0,392.0,233.0,388.0,239.0,390.0,244.0,383.0,248.0,386.0,246.0,383.0,250.0,377.0,255.0,375.0,263.0,367.0,266.0,367.0,276.0,356.0,280.0,356.0,287.0,351.0,296.0,351.0,316.0,364.0,324.0,374.0,329.0,376.0,336.0,386.0,320.0,404.0,322.0,413.0,318.0,417.0,320.0,421.0]],"area":5342.0,"bbox":[229.0,351.0,107.0,87.0],"iscrowd":0,"attributes":{"occluded":false}},{"id":111,"image_id":87,"category_id":8,"segmentation":[[149.88,325.87,289.8,455.22,402.99,333.96,474.5,161.69,300.37,88.31,258.08,251.87]],"area":56833.0,"bbox":[149.88,88.31,324.62,366.91],"iscrowd":0,"attributes":{"occluded":false}},{"id":112,"image_id":88,"category_id":8,"segmentation":[[297.19,67.93,324.0,544.99,637.95,472.37,653.59,83.57,670.34,80.22,670.34,51.17,655.82,51.17,654.7,38.88,637.95,25.47]],"area":156398.0,"bbox":[297.19,25.47,373.15,519.52],"iscrowd":0,"attributes":{"occluded":false}},{"id":113,"image_id":89,"category_id":5,"segmentation":[[539.0,496.0,539.0,490.0,536.0,486.0,539.0,482.0,541.0,463.0,555.0,427.0,576.0,402.0,600.0,387.0,604.0,391.0,609.0,388.0,629.0,386.0,631.0,384.0,636.0,386.0,641.0,385.0,644.0,396.0,654.0,395.0,657.0,398.0,663.0,398.0,666.0,395.0,671.0,395.0,673.0,401.0,680.0,396.0,691.0,400.0,707.0,413.0,714.0,411.0,717.0,414.0,719.0,436.0,726.0,439.0,726.0,458.0,724.0,460.0,725.0,463.0,720.0,466.0,722.0,474.0,720.0,476.0,720.0,512.0,718.0,514.0,719.0,538.0,713.0,543.0,695.0,541.0,688.0,542.0,687.0,550.0,678.0,546.0,675.0,548.0,589.0,510.0,587.0,514.0,581.0,513.0]],"area":22422.0,"bbox":[536.0,384.0,190.0,166.0],"iscrowd":0,"attributes":{"occluded":false}},{"id":114,"image_id":89,"category_id":8,"segmentation":[[993.1,107.03,723.31,92.14,723.31,126.9,547.86,150.07,547.86,186.48,650.48,203.03,652.14,229.52,635.59,236.14,513.1,262.62,518.07,352.0,619.03,386.76,576.0,403.31,547.86,426.48,541.24,454.62,486.62,464.55,483.31,565.52,395.59,595.31,395.59,611.86,360.83,615.17,360.83,646.62,617.38,787.31,994.76,625.1]],"area":292834.0,"bbox":[360.83,92.14,633.93,695.17],"iscrowd":0,"attributes":{"occluded":false}},{"id":115,"image_id":89,"category_id":5,"segmentation":[[637.0,274.0,641.0,265.0,635.0,258.0,635.0,242.0,646.0,238.0,665.0,209.0,675.0,216.0,688.0,203.0,755.0,202.0,771.0,221.0,781.0,219.0,774.0,226.0,781.0,252.0,781.0,289.0,660.41,297.38,646.0,290.0]],"area":11621.0,"bbox":[635.0,202.0,146.0,95.38],"iscrowd":0,"attributes":{"occluded":false}}]}