{"licenses":[{"name":"","id":0,"url":""}],"info":{"contributor":"","date_created":"","description":"","url":"","version":"","year":""},"categories":[{"id":1,"name":"blender","supercategory":""},{"id":2,"name":"coffee mug","supercategory":""},{"id":3,"name":"dishwasher","supercategory":""},{"id":4,"name":"knife","supercategory":""},{"id":5,"name":"microwave","supercategory":""},{"id":6,"name":"plate","supercategory":""},{"id":7,"name":"refrigerator","supercategory":""},{"id":8,"name":"skillet","supercategory":""},{"id":9,"name":"spatula","supercategory":""},{"id":10,"name":"toaster","supercategory":""}],"images":[{"id":1,"width":750,"height":600,"file_name":"refrigerator_0.jpg","license":0,"flickr_url":"","coco_url":"","date_captured":0},{"id":2,"width":1000,"height":1000,"file_name":"refrigerator_1.jpg","license":0,"flickr_url":"","coco_url":"","date_captured":0},{"id":3,"width":1400,"height":1420,"file_name":"refrigerator_10.jpg","license":0,"flickr_url":"","coco_url":"","date_captured":0},{"id":4,"width":1560,"height":872,"file_name":"refrigerator_11.jpg","license":0,"flickr_url":"","coco_url":"","date_captured":0},{"id":5,"width":1200,"height":900,"file_name":"refrigerator_12.jpg","license":0,"flickr_url":"","coco_url":"","date_captured":0},{"id":6,"width":800,"height":600,"file_name":"refrigerator_13.jpg","license":0,"flickr_url":"","coco_url":"","date_captured":0},{"id":7,"width":1400,"height":1420,"file_name":"refrigerator_14.jpg","license":0,"flickr_url":"","coco_url":"","date_captured":0},{"id":8,"width":1000,"height":666,"file_name":"refrigerator_15.jpg","license":0,"flickr_url":"","coco_url":"","date_captured":0},{"id":9,"width":1200,"height":601,"file_name":"refrigerator_16.jpg","license":0,"flickr_url":"","coco_url":"","date_captured":0},{"id":10,"width":1280,"height":720,"file_name":"refrigerator_17.jpg","license":0,"flickr_url":"","coco_url":"","date_captured":0},{"id":11,"width":768,"height":1080,"file_name":"refrigerator_18.jpg","license":0,"flickr_url":"","coco_url":"","date_captured":0},{"id":12,"width":600,"height":600,"file_name":"refrigerator_19.jpg","license":0,"flickr_url":"","coco_url":"","date_captured":0},{"id":13,"width":1185,"height":668,"file_name":"refrigerator_2.jpg","license":0,"flickr_url":"","coco_url":"","date_captured":0},{"id":14,"width":2000,"height":875,"file_name":"refrigerator_20.jpg","license":0,"flickr_url":"","coco_url":"","date_captured":0},{"id":15,"width":728,"height":485,"file_name":"refrigerator_21.jpg","license":0,"flickr_url":"","coco_url":"","date_captured":0},{"id":16,"width":640,"height":320,"file_name":"refrigerator_22.jpg","license":0,"flickr_url":"","coco_url":"","date_captured":0},{"id":17,"width":2048,"height":1638,"file_name":"refrigerator_23.jpg","license":0,"flickr_url":"","coco_url":"","date_captured":0},{"id":18,"width":1200,"height":675,"file_name":"refrigerator_24.jpg","license":0,"flickr_url":"","coco_url":"","date_captured":0},{"id":19,"width":702,"height":395,"file_name":"refrigerator_25.jpg","license":0,"flickr_url":"","coco_url":"","date_captured":0},{"id":20,"width":1440,"height":404,"file_name":"refrigerator_26.jpg","license":0,"flickr_url":"","coco_url":"","date_captured":0},{"id":21,"width":790,"height":440,"file_name":"refrigerator_27.jpg","license":0,"flickr_url":"","coco_url":"","date_captured":0},{"id":22,"width":3000,"height":2000,"file_name":"refrigerator_28.jpg","license":0,"flickr_url":"","coco_url":"","date_captured":0},{"id":23,"width":800,"height":1000,"file_name":"refrigerator_29.jpg","license":0,"flickr_url":"","coco_url":"","date_captured":0},{"id":24,"width":972,"height":547,"file_name":"refrigerator_3.jpg","license":0,"flickr_url":"","coco_url":"","date_captured":0},{"id":25,"width":1025,"height":625,"file_name":"refrigerator_30.jpg","license":0,"flickr_url":"","coco_url":"","date_captured":0},{"id":26,"width":5120,"height":3446,"file_name":"refrigerator_31.jpg","license":0,"flickr_url":"","coco_url":"","date_captured":0},{"id":27,"width":720,"height":479,"file_name":"refrigerator_32.jpg","license":0,"flickr_url":"","coco_url":"","date_captured":0},{"id":28,"width":704,"height":566,"file_name":"refrigerator_33.jpg","license":0,"flickr_url":"","coco_url":"","date_captured":0},{"id":29,"width":2875,"height":1248,"file_name":"refrigerator_34.jpg","license":0,"flickr_url":"","coco_url":"","date_captured":0},{"id":30,"width":720,"height":479,"file_name":"refrigerator_35.jpg","license":0,"flickr_url":"","coco_url":"","date_captured":0},{"id":31,"width":1440,"height":790,"file_name":"refrigerator_36.jpg","license":0,"flickr_url":"","coco_url":"","date_captured":0},{"id":32,"width":1000,"height":678,"file_name":"refrigerator_37.jpg","license":0,"flickr_url":"","coco_url":"","date_captured":0},{"id":33,"width":972,"height":729,"file_name":"refrigerator_38.jpg","license":0,"flickr_url":"","coco_url":"","date_captured":0},{"id":34,"width":500,"height":521,"file_name":"refrigerator_39.jpg","license":0,"flickr_url":"","coco_url":"","date_captured":0},{"id":35,"width":250,"height":332,"file_name":"refrigerator_4.jpg","license":0,"flickr_url":"","coco_url":"","date_captured":0},{"id":36,"width":2000,"height":1328,"file_name":"refrigerator_40.jpg","license":0,"flickr_url":"","coco_url":"","date_captured":0},{"id":37,"width":720,"height":440,"file_name":"refrigerator_41.jpg","license":0,"flickr_url":"","coco_url":"","date_captured":0},{"id":38,"width":1024,"height":819,"file_name":"refrigerator_42.jpg","license":0,"flickr_url":"","coco_url":"","date_captured":0},{"id":39,"width":1500,"height":1000,"file_name":"refrigerator_43.jpg","license":0,"flickr_url":"","coco_url":"","date_captured":0},{"id":40,"width":1200,"height":800,"file_name":"refrigerator_44.jpg","license":0,"flickr_url":"","coco_url":"","date_captured":0},{"id":41,"width":1563,"height":1120,"file_name":"refrigerator_45.jpg","license":0,"flickr_url":"","coco_url":"","date_captured":0},{"id":42,"width":1235,"height":865,"file_name":"refrigerator_46.jpg","license":0,"flickr_url":"","coco_url":"","date_captured":0},{"id":43,"width":550,"height":733,"file_name":"refrigerator_47.jpg","license":0,"flickr_url":"","coco_url":"","date_captured":0},{"id":44,"width":1000,"height":667,"file_name":"refrigerator_48.jpg","license":0,"flickr_url":"","coco_url":"","date_captured":0},{"id":45,"width":1200,"height":1200,"file_name":"refrigerator_49.jpg","license":0,"flickr_url":"","coco_url":"","date_captured":0},{"id":46,"width":800,"height":948,"file_name":"refrigerator_5.jpg","license":0,"flickr_url":"","coco_url":"","date_captured":0},{"id":47,"width":768,"height":1080,"file_name":"refrigerator_50.jpg","license":0,"flickr_url":"","coco_url":"","date_captured":0},{"id":48,"width":1200,"height":600,"file_name":"refrigerator_51.jpg","license":0,"flickr_url":"","coco_url":"","date_captured":0},{"id":49,"width":1200,"height":800,"file_name":"refrigerator_52.jpg","license":0,"flickr_url":"","coco_url":"","date_captured":0},{"id":50,"width":1920,"height":1001,"file_name":"refrigerator_53.jpg","license":0,"flickr_url":"","coco_url":"","date_captured":0},{"id":51,"width":2000,"height":600,"file_name":"refrigerator_54.jpg","license":0,"flickr_url":"","coco_url":"","date_captured":0},{"id":52,"width":1500,"height":1001,"file_name":"refrigerator_55.jpg","license":0,"flickr_url":"","coco_url":"","date_captured":0},{"id":53,"width":700,"height":748,"file_name":"refrigerator_56.jpg","license":0,"flickr_url":"","coco_url":"","date_captured":0},{"id":54,"width":600,"height":600,"file_name":"refrigerator_57.jpg","license":0,"flickr_url":"","coco_url":"","date_captured":0},{"id":55,"width":720,"height":479,"file_name":"refrigerator_58.jpg","license":0,"flickr_url":"","coco_url":"","date_captured":0},{"id":56,"width":600,"height":399,"file_name":"refrigerator_59.jpg","license":0,"flickr_url":"","coco_url":"","date_captured":0},{"id":57,"width":1400,"height":1400,"file_name":"refrigerator_6.jpg","license":0,"flickr_url":"","coco_url":"","date_captured":0},{"id":58,"width":667,"height":1000,"file_name":"refrigerator_60.jpg","license":0,"flickr_url":"","coco_url":"","date_captured":0},{"id":59,"width":850,"height":550,"file_name":"refrigerator_61.jpg","license":0,"flickr_url":"","coco_url":"","date_captured":0},{"id":60,"width":960,"height":960,"file_name":"refrigerator_62.jpg","license":0,"flickr_url":"","coco_url":"","date_captured":0},{"id":61,"width":1200,"height":800,"file_name":"refrigerator_63.jpg","license":0,"flickr_url":"","coco_url":"","date_captured":0},{"id":62,"width":1440,"height":1280,"file_name":"refrigerator_64.jpg","license":0,"flickr_url":"","coco_url":"","date_captured":0},{"id":63,"width":1000,"height":666,"file_name":"refrigerator_65.jpg","license":0,"flickr_url":"","coco_url":"","date_captured":0},{"id":64,"width":1560,"height":872,"file_name":"refrigerator_66.jpg","license":0,"flickr_url":"","coco_url":"","date_captured":0},{"id":65,"width":950,"height":534,"file_name":"refrigerator_67.jpg","license":0,"flickr_url":"","coco_url":"","date_captured":0},{"id":66,"width":2800,"height":888,"file_name":"refrigerator_68.jpg","license":0,"flickr_url":"","coco_url":"","date_captured":0},{"id":67,"width":2000,"height":875,"file_name":"refrigerator_69.jpg","license":0,"flickr_url":"","coco_url":"","date_captured":0},{"id":68,"width":620,"height":530,"file_name":"refrigerator_7.jpg","license":0,"flickr_url":"","coco_url":"","date_captured":0},{"id":69,"width":800,"height":573,"file_name":"refrigerator_70.jpg","license":0,"flickr_url":"","coco_url":"","date_captured":0},{"id":70,"width":666,"height":999,"file_name":"refrigerator_71.jpg","license":0,"flickr_url":"","coco_url":"","date_captured":0},{"id":71,"width":1025,"height":625,"file_name":"refrigerator_72.jpg","license":0,"flickr_url":"","coco_url":"","date_captured":0},{"id":72,"width":768,"height":1080,"file_name":"refrigerator_73.jpg","license":0,"flickr_url":"","coco_url":"","date_captured":0},{"id":73,"width":1600,"height":900,"file_name":"refrigerator_74.jpg","license":0,"flickr_url":"","coco_url":"","date_captured":0},{"id":74,"width":1440,"height":1280,"file_name":"refrigerator_76.jpg","license":0,"flickr_url":"","coco_url":"","date_captured":0},{"id":75,"width":1400,"height":1400,"file_name":"refrigerator_77.jpg","license":0,"flickr_url":"","coco_url":"","date_captured":0},{"id":76,"width":1200,"height":744,"file_name":"refrigerator_78.jpg","license":0,"flickr_url":"","coco_url":"","date_captured":0},{"id":77,"width":1920,"height":768,"file_name":"refrigerator_79.jpg","license":0,"flickr_url":"","coco_url":"","date_captured":0},{"id":78,"width":1440,"height":1280,"file_name":"refrigerator_8.jpg","license":0,"flickr_url":"","coco_url":"","date_captured":0},{"id":79,"width":800,"height":419,"file_name":"refrigerator_80.jpg","license":0,"flickr_url":"","coco_url":"","date_captured":0},{"id":80,"width":2000,"height":1200,"file_name":"refrigerator_81.jpg","license":0,"flickr_url":"","coco_url":"","date_captured":0},{"id":81,"width":1440,"height":404,"file_name":"refrigerator_82.jpg","license":0,"flickr_url":"","coco_url":"","date_captured":0},{"id":82,"width":1440,"height":1280,"file_name":"refrigerator_83.jpg","license":0,"flickr_url":"","coco_url":"","date_captured":0},{"id":83,"width":1378,"height":1380,"file_name":"refrigerator_84.jpg","license":0,"flickr_url":"","coco_url":"","date_captured":0},{"id":84,"width":600,"height":600,"file_name":"refrigerator_85.jpg","license":0,"flickr_url":"","coco_url":"","date_captured":0},{"id":85,"width":616,"height":616,"file_name":"refrigerator_86.jpg","license":0,"flickr_url":"","coco_url":"","date_captured":0},{"id":86,"width":2048,"height":1638,"file_name":"refrigerator_87.jpg","license":0,"flickr_url":"","coco_url":"","date_captured":0},{"id":87,"width":1280,"height":720,"file_name":"refrigerator_88.jpg","license":0,"flickr_url":"","coco_url":"","date_captured":0},{"id":88,"width":850,"height":437,"file_name":"refrigerator_89.jpg","license":0,"flickr_url":"","coco_url":"","date_captured":0},{"id":89,"width":564,"height":852,"file_name":"refrigerator_9.jpg","license":0,"flickr_url":"","coco_url":"","date_captured":0},{"id":90,"width":1500,"height":1000,"file_name":"refrigerator_90.jpg","license":0,"flickr_url":"","coco_url":"","date_captured":0},{"id":91,"width":700,"height":1050,"file_name":"refrigerator_91.jpg","license":0,"flickr_url":"","coco_url":"","date_captured":0},{"id":92,"width":1200,"height":752,"file_name":"refrigerator_92.jpg","license":0,"flickr_url":"","coco_url":"","date_captured":0},{"id":93,"width":1400,"height":900,"file_name":"refrigerator_93.jpg","license":0,"flickr_url":"","coco_url":"","date_captured":0},{"id":94,"width":972,"height":547,"file_name":"refrigerator_94.jpg","license":0,"flickr_url":"","coco_url":"","date_captured":0},{"id":95,"width":2800,"height":886,"file_name":"refrigerator_95.jpg","license":0,"flickr_url":"","coco_url":"","date_captured":0},{"id":96,"width":1200,"height":800,"file_name":"refrigerator_96.jpg","license":0,"flickr_url":"","coco_url":"","date_captured":0},{"id":97,"width":1144,"height":1200,"file_name":"refrigerator_97.jpg","license":0,"flickr_url":"","coco_url":"","date_captured":0},{"id":98,"width":768,"height":1200,"file_name":"refrigerator_98.jpg","license":0,"flickr_url":"","coco_url":"","date_captured":0},{"id":99,"width":704,"height":566,"file_name":"refrigerator_99.jpg","license":0,"flickr_url":"","coco_url":"","date_captured":0}],"annotations":[{"id":1,"image_id":1,"category_id":3,"segmentation":[[714.7,426.8,715.0,438.0,694.5,437.2,688.0,438.4,687.0,448.0,692.0,455.0,702.0,458.0,711.6,463.6,709.3,516.7,709.3,531.5,709.1,539.2,709.3,550.8,709.9,564.6,710.2,580.3,709.8,600.0,750.0,599.7,750.0,436.5]],"area":7144.0,"bbox":[687.0,426.8,63.0,173.2],"iscrowd":0,"attributes":{"occluded":false}},{"id":2,"image_id":1,"category_id":7,"segmentation":[[20.6,12.5,20.0,37.0,18.3,210.9,19.2,247.4,22.0,599.9,408.0,598.0,414.8,17.0]],"area":228606.0,"bbox":[18.3,12.5,396.5,587.4],"iscrowd":0,"attributes":{"occluded":false}},{"id":3,"image_id":2,"category_id":5,"segmentation":[[734.0,202.0,733.0,323.0,763.0,327.0,801.0,325.0,863.0,326.0,899.0,323.0,899.0,209.0,842.0,205.0]],"area":19961.0,"bbox":[733.0,202.0,166.0,125.0],"iscrowd":0,"attributes":{"occluded":false}},{"id":4,"image_id":2,"category_id":7,"segmentation":[[260.4,191.7,248.7,192.5,248.6,212.6,250.6,225.1,254.0,580.0,255.0,626.0,257.0,634.0,256.0,825.0,255.5,841.2,255.0,848.8,254.7,857.1,255.2,865.3,275.0,875.0,289.0,872.0,292.2,870.5,298.3,869.0,302.7,868.5,302.0,853.1,353.0,843.0,368.2,840.9,378.0,838.0,401.2,834.0,407.3,832.9,413.1,831.9,419.6,829.9,434.0,828.0,440.9,826.4,451.6,823.7,458.9,822.1,481.6,818.3,515.0,813.2,526.1,819.7,535.5,820.4,556.0,816.0,559.0,810.0,559.0,633.0,562.0,550.0,559.0,463.0,559.0,210.0,559.2,201.4,554.0,201.0,496.4,198.5,493.0,198.0,454.0,197.0,444.2,196.5,435.3,195.8,424.0,195.0,421.5,195.2,419.0,195.0,313.6,190.9,307.8,190.7,294.5,190.1,288.2,190.0,282.1,189.3,275.2,188.6,268.5,188.0,261.6,188.8]],"area":196147.0,"bbox":[248.6,188.0,313.4,687.0],"iscrowd":0,"attributes":{"occluded":false}},{"id":5,"image_id":3,"category_id":10,"segmentation":[[973.0,727.0,935.0,730.0,927.0,733.0,925.0,737.0,921.0,773.0,924.0,815.0,929.0,827.0,974.0,826.0,975.0,735.0]],"area":4973.0,"bbox":[921.0,727.0,54.0,100.0],"iscrowd":0,"attributes":{"occluded":false}},{"id":6,"image_id":3,"category_id":7,"segmentation":[[614.0,455.0,577.0,454.0,576.0,452.0,559.0,450.0,552.0,455.0,516.0,455.0,515.0,457.0,482.0,458.0,481.0,460.0,460.0,460.0,459.0,458.0,458.0,460.0,421.0,460.0,420.0,462.0,403.0,463.0,402.0,465.0,387.0,465.0,385.0,463.0,384.0,465.0,352.0,468.0,351.0,470.0,284.0,476.0,267.7,473.8,267.9,489.0,269.0,509.0,269.0,640.0,274.0,834.0,274.0,989.0,280.0,1070.0,277.0,1165.0,280.0,1177.0,285.0,1183.0,323.0,1183.0,324.0,1185.0,350.0,1186.0,351.0,1188.0,359.0,1188.0,360.0,1190.0,384.0,1191.0,385.0,1193.0,399.0,1193.0,400.0,1195.0,437.0,1196.0,438.0,1198.0,499.0,1198.0,536.0,1201.0,538.4,1200.9,540.4,1200.6,542.0,1201.0,556.8,1201.0,566.2,1201.3,571.0,1202.2,576.3,1201.9,579.0,1203.0,587.9,1202.8,595.2,1203.5,601.5,1203.1,604.0,1203.0,612.8,1204.0,619.2,1204.5,621.9,1204.3,624.6,1202.1,629.1,1200.4,632.0,1198.2,632.8,1197.8,632.8,1196.0,633.4,1192.4,633.6,1189.0,632.7,1181.4,632.9,1178.4,632.6,1165.7,632.5,1149.6,632.5,1137.4,632.4,1094.3,631.0,1087.0,630.0,1070.0,632.0,1053.0,631.0,979.0,634.0,956.0,634.0,938.0,631.0,925.0,633.0,909.0,631.0,903.0,632.0,881.0,628.0,800.0,628.0,542.0,626.0,462.0]],"area":261475.0,"bbox":[267.7,450.0,366.3,754.5],"iscrowd":0,"attributes":{"occluded":false}},{"id":7,"image_id":3,"category_id":5,"segmentation":[[1312.0,389.0,1305.0,386.0,1249.0,391.0,1136.0,394.0,1099.0,400.0,1032.0,406.0,1009.0,406.0,1010.0,525.0,1014.0,548.0,1013.0,559.0,1015.0,561.0,1169.0,558.0,1212.0,554.0,1274.0,553.0,1309.0,549.0,1311.0,539.0,1309.0,536.0,1310.0,420.0,1308.0,406.0]],"area":48259.0,"bbox":[1009.0,386.0,303.0,175.0],"iscrowd":0,"attributes":{"occluded":false}},{"id":8,"image_id":3,"category_id":2,"segmentation":[[934.0,555.0,932.0,554.0,926.0,554.0,924.0,556.0,918.0,558.0,913.2,559.4,910.7,560.3,903.0,564.9,900.3,567.7,900.9,573.6,901.1,582.2,903.0,586.0,905.0,589.0,905.0,591.0,910.0,597.0,920.0,597.0,921.7,596.7,930.9,596.5,936.2,591.3,946.6,586.5,948.0,583.0,948.0,580.0,943.0,575.6,939.0,575.2,936.7,571.2,936.0,559.0]],"area":1436.0,"bbox":[900.3,554.0,47.7,43.0],"iscrowd":0,"attributes":{"occluded":false}},{"id":9,"image_id":3,"category_id":2,"segmentation":[[901.0,542.0,888.0,539.0,860.0,549.0,858.0,552.0,860.0,557.0,857.0,560.0,841.0,565.0,836.0,569.0,837.0,576.0,829.0,579.0,826.0,584.0,827.0,589.0,831.0,593.0,847.0,599.0,869.0,597.0,876.0,588.0,876.0,578.0,887.0,579.0,904.5,568.0,901.0,561.0,897.0,556.0,902.0,550.0]],"area":2644.0,"bbox":[826.0,539.0,78.5,60.0],"iscrowd":0,"attributes":{"occluded":false}},{"id":10,"image_id":3,"category_id":2,"segmentation":[[728.0,541.0,725.0,544.0,721.0,572.0,723.0,589.0,728.0,600.0,758.0,600.0,773.0,592.0,777.0,585.0,777.0,578.0,774.0,574.0,767.0,573.0,764.0,570.0,766.0,552.0,760.0,547.0,734.0,540.0]],"area":2566.0,"bbox":[721.0,540.0,56.0,60.0],"iscrowd":0,"attributes":{"occluded":false}},{"id":11,"image_id":3,"category_id":2,"segmentation":[[772.1,538.7,768.5,540.7,766.9,553.4,775.4,564.5,778.0,577.0,779.0,598.0,781.0,600.0,794.0,601.0,815.1,599.2,816.0,597.0,817.0,596.1,819.3,595.2,823.4,593.3,827.1,589.3,830.4,585.5,831.3,583.4,831.2,582.4,831.0,581.5,831.4,580.5,831.5,578.1,830.0,575.2,827.6,572.9,824.0,571.7,818.1,573.1,824.8,555.2,815.1,545.8,799.5,537.1,782.5,537.7]],"area":2957.0,"bbox":[766.9,537.1,64.6,63.9],"iscrowd":0,"attributes":{"occluded":false}},{"id":12,"image_id":4,"category_id":7,"segmentation":[[167.0,8.3,127.4,16.9,128.0,53.2,126.9,75.4,127.3,118.3,127.2,131.6,128.0,152.4,126.9,172.2,127.6,180.5,127.6,184.8,126.9,193.5,127.2,202.5,129.3,212.0,128.1,241.5,127.7,253.2,127.3,265.9,127.5,282.5,126.3,303.8,126.3,324.6,126.6,339.8,127.7,358.5,127.5,372.2,128.2,386.4,127.7,396.0,127.7,403.3,127.6,416.3,127.0,442.7,126.2,473.2,125.9,492.4,127.3,517.7,126.7,534.3,126.5,551.8,127.3,569.7,128.0,609.0,127.5,628.1,126.2,641.4,126.4,677.8,127.2,702.6,128.0,722.8,127.3,736.0,127.1,761.4,128.2,776.3,128.4,790.0,127.6,819.1,127.1,844.2,125.8,858.4,126.2,871.8,919.0,870.0,923.6,839.5,926.0,808.0,937.0,766.0,943.1,750.8,943.0,736.0,952.9,711.1,956.6,694.0,958.9,677.5,965.1,651.1,965.4,572.7,964.5,506.1,959.5,489.5,947.3,490.9,918.9,508.4,865.0,525.3,818.0,530.0,791.2,523.9,776.2,501.4,764.3,430.0,722.9,387.1,754.3,369.0,743.6,351.4,757.7,348.6,793.0,367.0,803.8,414.6,832.0,449.0,874.8,425.1,924.5,374.6,991.2,354.2,1049.0,335.0,1061.0,312.0,1040.2,299.1,1017.5,262.2,1007.0,232.8,1015.0,159.3,1037.9,127.9,1069.3,108.5,1094.8,97.8,1066.1,87.7,1003.0,63.0,905.0,63.0,659.0,79.0,398.0,41.0,370.0,43.0,266.0,22.4]],"area":675406.0,"bbox":[125.8,8.3,969.0,863.5],"iscrowd":0,"attributes":{"occluded":false}},{"id":13,"image_id":5,"category_id":7,"segmentation":[[0.0,0.0,0.0,24.0,10.0,29.0,8.0,45.0,5.0,46.0,5.0,52.0,0.0,57.0,0.0,64.0,3.0,65.0,3.0,73.0,0.0,74.0,0.0,568.0,3.0,569.0,0.0,571.0,0.0,767.0,3.0,768.0,5.0,783.0,8.0,784.0,5.0,785.0,3.0,795.0,0.0,796.0,0.0,898.0,1198.0,898.0,1198.0,0.0,991.0,0.0,990.0,2.0,982.0,2.0,981.0,4.0,916.0,4.0,915.0,2.0,907.0,2.0,906.0,4.0,860.0,4.0,859.0,6.0,837.0,4.0,836.0,6.0,820.0,6.0,819.0,8.0,817.0,6.0,773.0,6.0,772.0,4.0,764.0,4.0,763.0,2.0,736.0,2.0,735.0,0.0,635.0,0.0,634.0,2.0,595.0,2.0,594.0,0.0,445.0,0.0,444.0,2.0,413.0,2.0,412.0,4.0,387.0,4.0,386.0,6.0,347.0,4.0,346.0,2.0,335.0,2.0,334.0,0.0,282.0,2.0,273.0,6.0,265.0,6.0,262.0,0.0]],"area":1073745.0,"bbox":[0.0,0.0,1198.0,898.0],"iscrowd":0,"attributes":{"occluded":false}},{"id":14,"image_id":6,"category_id":2,"segmentation":[[513.0,248.0,509.0,244.0,508.4,240.5,504.6,236.5,500.8,235.8,497.5,236.4,495.0,237.0,493.4,238.1,490.0,240.0,488.0,232.0,486.0,230.0,478.5,228.9,473.6,229.9,468.0,232.0,465.0,234.0,462.8,236.2,459.7,240.0,459.4,246.3,462.8,252.2,455.9,256.0,455.3,268.8,462.5,278.4,468.0,281.0,472.0,281.0,475.0,279.0,477.0,279.0,482.9,275.7,489.0,272.3,492.9,270.3,496.0,269.0,505.0,264.0,509.0,263.0,513.0,259.0,514.0,256.0,514.0,250.0]],"area":2073.0,"bbox":[455.3,228.9,58.7,52.1],"iscrowd":0,"attributes":{"occluded":false}},{"id":15,"image_id":6,"category_id":2,"segmentation":[[488.5,168.9,476.7,169.5,472.6,172.8,471.1,182.3,465.0,182.0,462.0,187.0,461.0,202.0,464.0,210.0,472.5,217.0,498.0,213.0,504.0,211.0,507.0,206.0,509.0,193.0,505.8,184.6,499.0,178.2]],"area":1730.0,"bbox":[461.0,168.9,48.0,48.1],"iscrowd":0,"attributes":{"occluded":false}},{"id":16,"image_id":6,"category_id":7,"segmentation":[[260.0,0.0,80.0,0.0,69.7,0.0,52.0,0.0,47.5,0.3,42.0,0.0,2.0,0.0,0.0,298.2,38.3,304.1,40.8,316.6,36.3,319.0,36.1,336.2,35.5,355.7,37.0,428.0,39.8,471.3,39.4,517.7,40.7,558.2,42.3,600.0,67.0,599.1,126.5,599.9,152.2,594.1,201.0,565.0,248.0,536.0,283.2,518.5,287.9,498.4,282.1,48.5,282.5,36.6,282.4,26.2,282.6,19.0,281.6,0.4]],"area":152969.0,"bbox":[0.0,0.0,287.9,600.0],"iscrowd":0,"attributes":{"occluded":false}},{"id":17,"image_id":6,"category_id":7,"segmentation":[[646.1,2.4,647.7,191.7,644.7,274.0,654.0,598.0,703.0,598.0,798.0,545.0,800.0,43.2,800.0,19.8,799.5,0.2]],"area":87448.0,"bbox":[644.7,0.2,155.3,597.8],"iscrowd":0,"attributes":{"occluded":false}},{"id":18,"image_id":6,"category_id":2,"segmentation":[[515.0,200.0,511.0,203.0,510.0,209.0,502.0,214.0,498.0,214.0,486.2,228.3,489.9,238.8,501.4,236.3,505.9,237.8,512.0,246.0,519.0,242.0,534.0,219.0,530.0,208.0,522.0,202.0]],"area":1230.0,"bbox":[486.2,200.0,47.8,46.0],"iscrowd":0,"attributes":{"occluded":false}},{"id":19,"image_id":7,"category_id":7,"segmentation":[[275.0,476.0,272.0,479.0,271.0,833.0,273.0,844.0,273.0,899.0,276.0,922.0,275.0,940.0,277.0,948.0,275.0,997.0,280.0,1067.0,280.0,1151.0,277.0,1164.0,280.0,1182.0,283.0,1186.0,322.0,1186.0,349.0,1189.0,350.0,1191.0,361.0,1192.0,368.0,1196.0,390.0,1197.0,404.0,1204.0,421.0,1205.0,422.0,1207.0,439.0,1207.0,440.0,1209.0,452.0,1210.0,453.0,1212.0,492.0,1212.0,493.0,1210.0,515.0,1209.0,516.0,1207.0,582.0,1209.0,601.0,1215.0,608.0,1221.0,612.0,1232.0,627.0,1217.0,632.0,1224.0,638.0,1224.0,647.0,1217.0,648.0,1203.0,646.0,1201.0,646.0,1190.0,642.0,1177.0,643.0,1163.0,638.0,1154.0,640.0,1138.0,638.0,1124.0,641.0,1113.0,638.0,1094.0,643.0,1083.0,640.0,1075.0,638.0,1018.0,638.0,922.0,642.0,908.0,638.0,896.0,640.0,884.0,638.0,871.0,640.0,859.0,638.0,844.0,639.0,799.0,636.0,770.0,636.0,686.0,632.0,631.0,632.0,501.0,630.0,493.0,635.0,482.0,634.0,466.0,626.0,463.0,619.0,453.0,615.0,453.0,614.0,451.0,600.0,453.0,599.0,451.0,525.1,461.0,488.9,463.9,474.2,462.1,457.0,464.4,447.1,462.1,439.9,463.3,435.7,462.7,424.0,461.8,419.0,460.0,410.0,461.0,409.0,463.0,396.0,464.0,389.0,468.0,367.0,469.0,366.0,471.0,335.0,474.0,334.0,476.0,321.0,476.0,320.0,474.0,285.0,474.0,284.0,476.0]],"area":268584.0,"bbox":[271.0,451.0,377.0,781.0],"iscrowd":0,"attributes":{"occluded":false}},{"id":20,"image_id":7,"category_id":5,"segmentation":[[1310.0,387.0,1302.0,387.0,1296.3,388.0,1270.1,389.8,1219.1,392.8,1126.0,399.0,1099.8,400.4,1079.2,401.7,1044.0,403.5,1011.0,407.0,1011.0,532.0,1012.5,536.0,1012.0,541.0,1011.9,544.3,1012.5,545.8,1013.0,549.3,1013.0,553.4,1014.1,560.4,1030.0,560.1,1039.9,558.5,1060.0,558.0,1186.1,553.9,1267.0,552.0,1310.0,548.0,1309.0,532.0,1309.8,479.7,1310.0,456.0,1310.0,416.0,1309.9,412.6,1310.0,409.0]],"area":47218.0,"bbox":[1011.0,387.0,299.0,173.4],"iscrowd":0,"attributes":{"occluded":false}},{"id":21,"image_id":7,"category_id":10,"segmentation":[[930.0,731.0,925.0,736.0,921.0,766.0,925.0,821.0,929.0,826.0,973.0,827.0,976.3,820.7,974.3,727.0,952.0,726.0]],"area":5117.0,"bbox":[921.0,726.0,55.3,101.0],"iscrowd":0,"attributes":{"occluded":false}},{"id":22,"image_id":7,"category_id":2,"segmentation":[[727.0,542.0,725.0,544.0,721.0,574.0,723.0,589.0,728.0,601.0,757.0,601.0,772.0,593.0,777.0,586.0,777.0,577.0,765.0,571.0,766.0,552.0,751.0,542.0]],"area":2606.0,"bbox":[721.0,542.0,56.0,59.0],"iscrowd":0,"attributes":{"occluded":false}},{"id":23,"image_id":7,"category_id":2,"segmentation":[[768.0,542.0,767.0,551.0,771.0,560.0,770.0,562.0,774.0,565.0,774.0,570.0,778.0,575.0,778.0,590.0,782.0,599.0,811.0,598.0,827.0,591.0,830.0,578.0,828.0,573.0,819.0,570.0,824.0,555.0,816.0,545.0,808.0,540.0,797.0,538.0,785.0,538.0,780.0,542.0]],"area":2845.0,"bbox":[767.0,538.0,63.0,61.0],"iscrowd":0,"attributes":{"occluded":false}},{"id":24,"image_id":7,"category_id":2,"segmentation":[[902.0,543.0,888.0,540.0,860.0,549.0,858.0,551.0,860.0,556.0,858.0,560.0,836.0,568.0,838.0,576.0,828.0,581.0,827.0,588.0,830.0,592.0,846.0,599.0,863.0,599.0,868.0,597.0,877.0,577.0,889.0,577.0,900.0,573.0,902.0,562.0,896.0,556.0,902.0,552.0]],"area":2542.0,"bbox":[827.0,540.0,75.0,59.0],"iscrowd":0,"attributes":{"occluded":false}},{"id":25,"image_id":7,"category_id":2,"segmentation":[[937.0,556.0,928.0,554.0,910.0,560.0,902.0,567.0,901.0,578.0,903.0,588.0,909.0,596.0,929.0,596.0,946.0,589.0,948.0,580.0,937.0,565.0]],"area":1485.0,"bbox":[901.0,554.0,47.0,42.0],"iscrowd":0,"attributes":{"occluded":false}},{"id":26,"image_id":8,"category_id":7,"segmentation":[[657.0,193.0,658.0,297.0,669.0,285.0,677.0,285.0,683.0,278.0,679.0,261.0,681.0,248.0,688.0,233.0,696.0,226.0,708.0,225.0,717.0,228.0,725.0,236.0,727.0,245.0,724.0,257.0,725.0,270.0,734.0,280.0,760.0,298.0,763.0,311.0,769.0,325.0,769.0,345.0,763.0,375.0,756.0,387.0,749.0,393.0,739.0,395.0,732.0,401.0,732.4,405.4,742.6,410.2,745.2,409.7,747.4,404.1,757.6,406.6,765.3,406.1,769.0,413.0,851.0,413.0,862.0,411.0,871.0,412.0,884.0,407.0,906.0,409.0,910.0,406.0,915.0,395.0,915.0,354.0,919.0,350.0,920.0,342.0,918.0,339.0,906.0,337.0,899.0,329.0,896.0,303.0,901.0,278.0,908.0,269.0,924.0,263.0,946.0,265.0,949.0,267.0,957.0,267.0,959.0,265.0,958.0,199.0,960.0,196.0,938.0,192.0,900.0,193.0,888.0,190.0,741.0,189.0,727.0,191.0,689.0,189.0,676.0,191.0,664.0,190.0]],"area":43649.0,"bbox":[657.0,189.0,303.0,224.0],"iscrowd":0,"attributes":{"occluded":false}},{"id":27,"image_id":8,"category_id":3,"segmentation":[[103.0,420.0,87.0,421.0,68.0,429.0,49.0,431.0,36.0,440.0,36.0,531.0,39.0,629.0,48.0,627.0,75.0,605.0,92.0,596.0,99.0,586.0,97.0,481.0,102.0,474.0,100.0,470.0,101.0,458.0,107.0,451.0,107.0,424.0]],"area":11613.0,"bbox":[36.0,420.0,71.0,209.0],"iscrowd":0,"attributes":{"occluded":false}},{"id":28,"image_id":8,"category_id":6,"segmentation":[[743.0,420.0,740.0,416.0,722.0,413.0,694.0,418.0,692.0,420.0,692.0,426.0,696.0,430.0,719.0,433.0,731.0,426.0,739.0,426.0]],"area":701.0,"bbox":[692.0,413.0,51.0,20.0],"iscrowd":0,"attributes":{"occluded":false}},{"id":29,"image_id":8,"category_id":6,"segmentation":[[151.8,266.8,149.4,276.3,167.9,276.9,171.0,273.0,171.3,266.0,158.5,266.1]],"area":211.0,"bbox":[149.4,266.0,21.9,10.9],"iscrowd":0,"attributes":{"occluded":false}},{"id":30,"image_id":8,"category_id":6,"segmentation":[[92.5,266.4,93.0,272.0,100.0,276.0,125.0,277.0,129.0,275.0,129.0,270.0,126.0,268.0,114.6,266.7]],"area":316.0,"bbox":[92.5,266.4,36.5,10.6],"iscrowd":0,"attributes":{"occluded":false}},{"id":31,"image_id":9,"category_id":5,"segmentation":[[1147.0,40.0,1059.0,49.0,976.0,64.0,974.0,86.0,974.0,145.0,976.0,160.0,979.0,162.0,1011.0,162.0,1015.0,160.0,1092.0,156.0,1148.0,149.0,1150.0,145.0,1150.0,109.0]],"area":18642.0,"bbox":[974.0,40.0,176.0,122.0],"iscrowd":0,"attributes":{"occluded":false}},{"id":32,"image_id":9,"category_id":7,"segmentation":[[224.5,51.8,222.7,63.4,235.1,64.9,231.7,124.1,277.1,129.7,276.8,142.6,260.9,144.5,251.0,146.2,236.4,147.4,229.7,148.1,224.0,147.7,224.3,151.2,223.6,155.8,224.0,159.6,223.2,165.9,223.0,176.0,224.6,347.5,288.0,351.0,306.9,351.6,324.6,352.1,346.1,352.3,345.6,366.2,339.3,367.3,340.5,402.9,339.9,422.2,340.2,525.7,339.9,575.2,339.7,601.0,557.0,599.0,556.1,387.5,554.6,316.0,556.0,51.6,539.0,49.0,508.0,42.0,485.1,37.4,370.9,15.4,321.4,32.9,271.0,42.0]],"area":157067.0,"bbox":[222.7,15.4,334.3,585.6],"iscrowd":0,"attributes":{"occluded":false}},{"id":33,"image_id":10,"category_id":5,"segmentation":[[351.0,103.0,349.0,116.0,348.0,196.0,354.0,244.0,358.0,251.0,419.0,255.0,435.0,253.0,548.0,253.0,553.0,251.0,606.0,250.0,612.0,246.0,615.0,179.0,613.0,104.0,610.0,101.0]],"area":39675.0,"bbox":[348.0,101.0,267.0,154.0],"iscrowd":0,"attributes":{"occluded":false}},{"id":34,"image_id":10,"category_id":7,"segmentation":[[797.7,171.5,783.6,173.6,784.1,185.3,785.8,422.0,786.0,462.0,786.4,470.0,785.0,576.0,788.0,579.0,859.0,580.0,866.7,579.1,875.5,578.3,881.3,578.8,888.9,578.3,896.0,585.2,903.0,596.0,906.9,599.3,911.8,605.7,914.3,608.7,918.3,612.6,938.2,637.0,950.2,654.8,970.0,677.0,983.1,692.6,983.4,707.1,964.1,711.5,964.0,719.8,1086.9,719.2,1085.0,648.0,1088.0,526.0,1087.0,286.0,1089.0,258.0,1089.0,193.0,1087.5,171.2,1073.0,172.0,1067.0,170.5,1051.5,171.3,1044.5,171.3,1029.8,171.5,1022.0,172.0,981.0,172.0,966.5,171.5,889.3,171.5,861.0,171.0,814.0,170.0]],"area":143252.0,"bbox":[783.6,170.0,305.4,549.8],"iscrowd":0,"attributes":{"occluded":false}},{"id":35,"image_id":11,"category_id":7,"segmentation":[[537.0,438.0,414.0,436.0,413.0,434.0,395.0,434.0,393.0,436.0,388.0,433.0,320.0,437.0,235.0,436.0,234.0,434.0,223.0,434.0,222.0,436.0,214.0,437.0,211.0,479.0,211.0,681.0,208.0,724.0,211.0,1000.0,206.0,1044.0,209.0,1057.0,289.0,1057.0,290.0,1055.0,310.0,1054.0,369.0,1058.0,424.0,1057.0,425.0,1055.0,437.0,1054.0,518.0,1057.0,519.0,1055.0,525.0,1055.0,532.0,1051.0,535.0,1044.0,534.0,1009.0,536.0,993.0,538.0,891.0,537.0,813.0,539.0,804.0,536.0,728.0,544.0,471.0,543.0,442.0]],"area":203591.0,"bbox":[206.0,433.0,338.0,625.0],"iscrowd":0,"attributes":{"occluded":false}},{"id":36,"image_id":11,"category_id":4,"segmentation":[[58.0,584.0,55.0,586.5,56.3,675.0,57.8,688.0,61.6,695.9,65.2,684.2,66.0,628.7,60.9,622.5,62.9,607.4,63.0,599.0,64.0,585.0]],"area":913.0,"bbox":[55.0,584.0,11.0,111.9],"iscrowd":0,"attributes":{"occluded":false}},{"id":37,"image_id":11,"category_id":4,"segmentation":[[74.4,584.0,71.0,585.9,70.0,599.0,71.0,690.0,74.0,694.0,78.6,696.3,79.3,676.7,80.0,630.0,75.7,622.5,78.7,588.9,79.9,584.5]],"area":904.0,"bbox":[70.0,584.0,10.0,112.3],"iscrowd":0,"attributes":{"occluded":false}},{"id":38,"image_id":11,"category_id":4,"segmentation":[[82.1,591.5,82.2,608.7,84.0,656.0,86.0,668.0,88.4,669.4,91.0,657.0,91.0,630.0,88.0,623.0,89.0,591.7]],"area":497.0,"bbox":[82.1,591.5,8.9,77.9],"iscrowd":0,"attributes":{"occluded":false}},{"id":39,"image_id":12,"category_id":7,"segmentation":[[349.0,119.0,345.0,127.0,347.0,136.0,346.0,292.0,349.0,301.0,361.0,311.0,365.0,322.0,362.0,343.0,364.0,346.0,364.0,359.0,366.0,363.0,365.0,378.0,367.0,383.0,365.0,511.0,367.0,518.0,366.0,538.0,368.0,544.0,374.0,548.0,483.0,548.0,568.0,544.0,571.0,539.0,568.0,492.0,567.0,384.0,569.0,274.0,568.0,151.0,570.0,123.0,565.0,113.0,450.0,109.0,368.0,112.0,360.0,120.0,355.0,118.0]],"area":92008.0,"bbox":[345.0,109.0,226.0,439.0],"iscrowd":0,"attributes":{"occluded":false}},{"id":40,"image_id":12,"category_id":6,"segmentation":[[0.0,385.0,0.0,422.0,0.0,431.6,3.1,432.5,7.8,432.3,12.5,431.6,30.0,429.0,50.2,420.3,54.0,418.2,57.1,416.3,60.2,414.1,63.0,401.0,62.0,392.0,59.0,388.0,32.0,384.0,10.1,384.2,4.0,384.1]],"area":2547.0,"bbox":[0.0,384.0,63.0,48.5],"iscrowd":0,"attributes":{"occluded":false}},{"id":41,"image_id":13,"category_id":7,"segmentation":[[515.4,25.6,514.5,255.0,514.4,521.7,514.9,628.8,828.1,627.5,828.2,588.2,826.7,24.5,673.2,22.3]],"area":189076.0,"bbox":[514.4,22.3,313.8,606.5],"iscrowd":0,"attributes":{"occluded":false}},{"id":42,"image_id":14,"category_id":7,"segmentation":[[1351.7,95.8,1326.4,95.6,1251.2,117.8,1179.6,119.5,1058.0,120.1,870.1,124.0,873.0,305.0,873.2,451.8,872.8,508.4,874.0,531.3,872.0,548.1,875.6,562.8,875.4,580.8,873.8,594.4,874.2,605.1,873.0,620.9,874.7,631.0,875.4,644.4,874.3,661.5,876.3,701.6,881.5,725.3,906.0,724.0,944.0,727.0,990.0,718.0,998.0,724.0,1021.0,724.0,1033.0,713.0,1025.0,687.0,1029.0,668.0,1039.0,663.0,1047.0,647.0,1052.0,600.0,1050.0,578.0,1027.0,576.0,1021.0,568.0,1022.3,447.3,1017.2,421.0,1021.0,404.0,1026.9,392.6,1022.1,354.7,1032.9,333.5,1043.3,329.4,1063.0,331.0,1076.6,338.4,1081.3,349.7,1078.6,378.7,1093.0,380.0,1116.2,365.4,1132.0,372.4,1128.2,388.7,1092.0,408.0,1100.4,459.8,1104.8,469.8,1109.1,477.8,1109.9,483.9,1113.0,488.0,1116.0,512.0,1131.0,546.0,1122.0,564.0,1112.0,554.0,1108.0,562.0,1106.4,721.4,1126.0,720.4,1148.0,720.9,1180.7,718.5,1197.2,719.0,1217.5,717.8,1237.2,719.0,1256.7,718.3,1259.7,692.0,1260.5,652.6,1260.0,624.6,1259.9,611.1,1260.6,604.8,1260.3,601.0,1258.2,587.7,1259.7,573.7,1259.2,531.2,1272.3,531.6,1278.3,530.6,1285.9,532.4,1293.0,532.2,1299.5,535.7,1308.5,535.1,1313.9,536.1,1311.7,518.8,1312.8,475.9,1314.4,453.7,1351.5,452.7,1355.8,452.6,1366.2,453.4,1364.0,432.0,1364.6,385.0,1363.7,367.1,1349.0,354.4,1349.0,338.9,1365.0,322.0,1363.4,161.7,1351.1,160.2]],"area":241817.0,"bbox":[870.1,95.6,496.1,631.4],"iscrowd":0,"attributes":{"occluded":false}},{"id":43,"image_id":14,"category_id":3,"segmentation":[[1434.7,520.5,1431.7,528.0,1435.0,541.0,1447.0,548.0,1454.0,548.0,1460.0,553.0,1460.9,660.3,1464.0,873.0,1558.0,873.0,1557.6,859.2,1556.3,840.7,1556.0,817.6,1556.0,789.2,1555.0,724.7,1552.6,637.5,1554.0,531.0,1539.0,523.0,1520.0,519.0,1495.3,515.1,1463.2,507.1,1460.1,519.2,1443.6,518.2]],"area":33814.0,"bbox":[1431.7,507.1,126.3,365.9],"iscrowd":0,"attributes":{"occluded":false}},{"id":44,"image_id":15,"category_id":7,"segmentation":[[67.0,0.0,79.0,483.0,657.0,483.0,658.6,118.9,661.0,97.9,661.8,67.4,660.6,41.4,659.6,15.0,662.1,0.0]],"area":282789.0,"bbox":[67.0,0.0,595.1,483.0],"iscrowd":0,"attributes":{"occluded":false}},{"id":45,"image_id":16,"category_id":7,"segmentation":[[119.4,27.7,120.1,32.7,124.6,33.5,123.6,64.7,148.0,69.2,147.7,75.5,119.3,79.7,120.1,184.0,184.7,187.8,181.1,302.7,180.8,320.0,295.1,320.0,296.5,250.0,296.0,184.0,296.0,28.3,202.0,8.0]],"area":44310.0,"bbox":[119.3,8.0,177.2,312.0],"iscrowd":0,"attributes":{"occluded":false}},{"id":46,"image_id":16,"category_id":5,"segmentation":[[611.7,21.8,561.0,27.0,521.0,33.0,521.3,87.9,612.0,79.0]],"area":5156.0,"bbox":[521.0,21.8,91.0,66.1],"iscrowd":0,"attributes":{"occluded":false}},{"id":47,"image_id":17,"category_id":7,"segmentation":[[1988.0,386.6,1396.0,422.7,920.0,452.0,916.0,828.8,913.3,1167.3,994.9,1185.8,1286.8,1233.2,1532.4,1276.8,1961.1,1346.2,1958.6,1331.5,1979.7,1334.3]],"area":898413.0,"bbox":[913.3,386.6,1074.7,959.6],"iscrowd":0,"attributes":{"occluded":false}},{"id":48,"image_id":18,"category_id":7,"segmentation":[],"area":810000.0,"bbox":[0.0,0.0,1200.0,675.0],"iscrowd":0,"attributes":{"occluded":false,"rotation":0.0}},{"id":49,"image_id":19,"category_id":7,"segmentation":[[279.6,52.6,277.0,344.0,432.0,342.0,428.9,53.6]],"area":44131.0,"bbox":[277.0,52.6,155.0,291.4],"iscrowd":0,"attributes":{"occluded":false}},{"id":50,"image_id":20,"category_id":7,"segmentation":[[552.5,0.0,554.3,401.1,1307.3,403.2,1308.1,344.6,1307.2,285.8,1306.3,188.0,1307.3,1.2]],"area":302678.0,"bbox":[552.5,0.0,755.6,403.2],"iscrowd":0,"attributes":{"occluded":false}},{"id":51,"image_id":21,"category_id":7,"segmentation":[[253.3,9.0,255.3,440.0,493.0,438.0,496.0,12.0]],"area":102884.0,"bbox":[253.3,9.0,242.7,431.0],"iscrowd":0,"attributes":{"occluded":false}},{"id":52,"image_id":21,"category_id":6,"segmentation":[[525.0,101.0,526.0,121.0,543.0,121.0,551.0,118.0,550.0,116.0,555.0,113.0,555.0,108.0,552.0,106.0,550.0,99.0,527.0,98.0]],"area":589.0,"bbox":[525.0,98.0,30.0,23.0],"iscrowd":0,"attributes":{"occluded":false}},{"id":53,"image_id":22,"category_id":1,"segmentation":[[1223.0,1018.0,1180.0,1018.0,1179.0,1020.0,1167.0,1021.0,1166.0,1023.0,1146.0,1027.0,1097.0,1027.0,1087.0,1039.0,1085.0,1053.0,1074.0,1074.0,1072.0,1096.0,1066.0,1103.0,1059.0,1101.0,1058.0,1103.0,1050.0,1104.0,1042.0,1110.0,1042.0,1118.0,1045.0,1122.0,1045.0,1206.0,1051.0,1288.0,1054.0,1291.0,1058.0,1291.0,1059.0,1289.0,1073.0,1291.0,1075.0,1282.0,1073.0,1169.0,1077.0,1159.0,1087.0,1155.0,1090.0,1159.0,1091.0,1171.0,1096.0,1185.0,1097.0,1206.0,1100.0,1213.0,1107.0,1266.0,1118.0,1315.0,1118.0,1328.0,1110.0,1339.0,1106.0,1382.0,1086.0,1392.0,1080.0,1401.0,1076.0,1417.0,1076.0,1428.0,1066.0,1447.0,1070.0,1457.0,1069.0,1474.0,1073.0,1467.0,1075.0,1469.0,1075.0,1484.0,1073.0,1488.0,1068.0,1488.0,1057.0,1506.0,1055.0,1569.0,1053.0,1578.0,1051.0,1579.0,1048.0,1599.0,1049.0,1656.0,1053.0,1674.0,1065.0,1686.0,1081.0,1686.0,1082.0,1684.0,1091.0,1683.0,1100.0,1684.0,1101.0,1686.0,1112.0,1686.0,1113.0,1684.0,1130.0,1683.0,1131.0,1681.0,1148.0,1680.0,1149.0,1678.0,1158.0,1677.0,1172.0,1678.0,1173.0,1680.0,1212.0,1680.0,1213.0,1678.0,1216.0,1680.0,1224.0,1680.0,1228.0,1675.0,1228.0,1614.0,1233.0,1598.0,1234.0,1585.0,1233.0,1540.0,1236.0,1486.0,1235.0,1466.0,1237.0,1459.0,1236.0,1432.0,1237.0,1414.0,1239.0,1414.0,1239.0,1422.0,1242.0,1425.0,1242.0,1412.0,1240.0,1411.0,1242.0,1409.0,1242.0,1382.0,1237.0,1379.0,1234.0,1316.0,1233.0,1132.0,1231.0,1127.0,1233.0,1086.0,1230.0,1079.0,1226.0,1026.0]],"area":106317.0,"bbox":[1042.0,1018.0,200.0,668.0],"iscrowd":0,"attributes":{"occluded":false}},{"id":54,"image_id":22,"category_id":7,"segmentation":[[1292.7,334.9,1290.5,393.1,1291.8,442.5,1219.0,444.0,1220.2,614.6,1231.7,628.8,1226.6,673.5,1229.2,726.1,1229.9,760.4,1230.0,789.7,1229.3,819.8,1230.0,842.4,1228.7,860.8,1227.0,873.6,1229.2,892.1,1230.1,908.4,1229.5,942.0,1227.2,972.3,1228.2,1016.3,1229.0,1081.3,1232.4,1119.3,1231.1,1175.4,1226.7,1311.1,1229.0,1408.0,1236.2,1475.7,1226.1,1564.0,1231.1,1925.9,1227.9,1999.1,1832.0,1998.0,1852.0,1996.0,1872.7,1996.8,1886.0,1998.0,2399.0,1998.0,2439.7,1859.0,2414.0,1837.5,2378.8,1880.1,2248.0,1877.0,2197.1,1877.2,2037.7,1871.4,1889.0,1863.0,1761.1,1857.3,1676.5,1830.7,1598.4,1789.9,1559.7,1674.3,1590.2,1647.5,1605.3,1637.1,1773.8,1681.8,1765.9,1667.6,1728.8,1640.2,1776.6,1625.8,1894.4,1754.3,2065.7,1747.3,2104.9,1749.4,2148.7,1741.0,2267.8,1707.4,2300.6,1624.0,2219.4,1481.6,2314.3,1367.7,2409.9,1113.7,2488.7,1066.1,2548.0,964.4,2455.5,746.4,2497.8,521.4,2645.0,427.8,2813.8,401.3,2906.0,456.0,2998.0,582.5,2998.0,334.0,1969.8,314.0,1813.7,309.2,1662.0,292.0,1396.8,249.6,1325.0,253.0,1295.9,259.0,1292.5,292.1]],"area":1942245.0,"bbox":[1219.0,249.6,1779.0,1749.5],"iscrowd":0,"attributes":{"occluded":false}},{"id":55,"image_id":23,"category_id":7,"segmentation":[[139.2,133.2,134.5,322.9,137.2,596.9,139.3,628.7,188.5,632.0,219.8,612.9,211.0,742.0,212.7,892.1,405.1,874.4,549.2,856.2,551.8,838.9,572.1,838.1,569.2,798.8,567.1,767.2,571.1,724.8,569.9,694.8,567.0,586.8,607.1,586.3,664.9,591.7,664.9,586.0,639.1,576.8,641.3,561.3,724.1,554.0,726.0,368.0,717.0,163.0]],"area":360420.0,"bbox":[134.5,133.2,591.5,758.9],"iscrowd":0,"attributes":{"occluded":false}},{"id":56,"image_id":24,"category_id":7,"segmentation":[[70.7,10.1,72.2,509.6,320.6,478.6,321.5,52.9,323.1,28.4,205.7,19.4]],"area":118621.0,"bbox":[70.7,10.1,252.4,499.5],"iscrowd":0,"attributes":{"occluded":false}},{"id":57,"image_id":24,"category_id":6,"segmentation":[[703.7,124.9,704.0,142.0,712.4,144.3,744.4,145.3,752.0,142.0,752.4,124.3,749.8,122.2,730.1,122.0,708.2,122.9]],"area":1053.0,"bbox":[703.7,122.0,48.7,23.3],"iscrowd":0,"attributes":{"occluded":false}},{"id":58,"image_id":24,"category_id":6,"segmentation":[[334.0,40.0,336.0,49.0,343.0,51.0,381.0,52.0,386.0,48.0,383.0,40.0,347.0,37.0]],"area":628.0,"bbox":[334.0,37.0,52.0,15.0],"iscrowd":0,"attributes":{"occluded":false}},{"id":59,"image_id":25,"category_id":7,"segmentation":[[342.4,84.3,339.9,139.0,333.0,623.0,812.9,625.0,821.0,106.9,603.4,92.2]],"area":254797.0,"bbox":[333.0,84.3,488.0,540.7],"iscrowd":0,"attributes":{"occluded":false}},{"id":60,"image_id":26,"category_id":4,"segmentation":[[1407.0,1197.0,1398.0,1200.0,1392.0,1208.0,1389.0,1230.0,1391.0,1307.0,1394.0,1323.0,1392.0,1473.0,1400.0,1608.0,1405.0,1618.0,1412.0,1625.0,1424.0,1629.0,1427.0,1626.0,1426.0,1376.0,1423.0,1358.0,1414.0,1350.0,1413.0,1324.0,1421.0,1282.0,1423.0,1216.0,1426.0,1200.0,1419.0,1197.0]],"area":12827.0,"bbox":[1389.0,1197.0,38.0,432.0],"iscrowd":0,"attributes":{"occluded":false}},{"id":61,"image_id":26,"category_id":7,"segmentation":[[3066.3,468.0,2441.2,477.4,1789.4,490.6,1800.6,716.0,1788.8,1830.4,1786.4,3019.7,3130.0,3015.0,3137.9,751.5,3139.9,486.2]],"area":3410260.0,"bbox":[1786.4,468.0,1353.5,2551.7],"iscrowd":0,"attributes":{"occluded":false}},{"id":62,"image_id":26,"category_id":5,"segmentation":[[0.5,373.1,0.0,734.0,9.5,959.4,135.0,955.4,223.1,952.6,769.6,959.4,741.0,926.0,743.6,370.7]],"area":432719.0,"bbox":[0.0,370.7,769.6,588.7],"iscrowd":0,"attributes":{"occluded":false}},{"id":63,"image_id":26,"category_id":4,"segmentation":[[1368.0,1195.0,1347.0,1198.0,1339.0,1205.0,1335.0,1232.0,1339.0,1518.0,1344.0,1581.0,1350.0,1613.0,1357.0,1629.0,1362.0,1626.0,1367.0,1611.0,1373.0,1577.0,1376.0,1534.0,1375.0,1389.0,1370.0,1357.0,1364.0,1352.0,1359.0,1340.0,1366.0,1289.0,1367.0,1227.0,1372.0,1206.0]],"area":13579.0,"bbox":[1335.0,1195.0,41.0,434.0],"iscrowd":0,"attributes":{"occluded":false}},{"id":64,"image_id":26,"category_id":4,"segmentation":[[1451.0,1229.0,1443.0,1231.0,1438.0,1238.0,1437.0,1287.0,1441.0,1312.0,1444.0,1358.0,1446.0,1470.0,1452.0,1519.0,1458.0,1534.0,1462.0,1530.0,1469.0,1501.0,1473.0,1427.0,1469.0,1374.0,1459.0,1346.0,1465.0,1302.0,1466.0,1231.0]],"area":7032.0,"bbox":[1437.0,1229.0,36.0,305.0],"iscrowd":0,"attributes":{"occluded":false}},{"id":65,"image_id":26,"category_id":4,"segmentation":[[1507.0,1227.0,1496.0,1228.0,1486.9,1233.1,1481.8,1281.8,1481.8,1366.4,1481.0,1395.0,1480.0,1433.0,1484.0,1474.0,1489.0,1490.0,1493.0,1487.0,1500.0,1470.0,1507.0,1433.0,1508.0,1362.0,1503.0,1350.0,1503.0,1343.0,1507.0,1333.0,1513.0,1303.0,1515.0,1283.0,1514.0,1245.0,1517.0,1236.0,1516.0,1232.0]],"area":6654.0,"bbox":[1480.0,1227.0,37.0,263.0],"iscrowd":0,"attributes":{"occluded":false}},{"id":66,"image_id":27,"category_id":6,"segmentation":[[127.6,278.4,109.4,281.5,71.6,284.4,52.7,284.6,0.0,285.3,0.0,301.8,44.9,301.7,80.9,300.3,107.4,297.9]],"area":1957.0,"bbox":[0.0,278.4,127.6,23.4],"iscrowd":0,"attributes":{"occluded":false}},{"id":67,"image_id":27,"category_id":7,"segmentation":[[360.0,25.0,268.0,25.7,270.0,478.2,463.0,477.0,462.4,24.7]],"area":87693.0,"bbox":[268.0,24.7,195.0,453.5],"iscrowd":0,"attributes":{"occluded":false}},{"id":68,"image_id":28,"category_id":7,"segmentation":[[390.8,48.0,189.0,50.0,125.6,49.9,122.0,125.0,122.9,487.3,154.5,487.1,390.8,487.5]],"area":117501.0,"bbox":[122.0,48.0,268.8,439.5],"iscrowd":0,"attributes":{"occluded":false}},{"id":69,"image_id":29,"category_id":7,"segmentation":[[779.2,2.4,346.3,21.4,344.8,1241.9,386.2,1243.6,389.2,1107.8,381.6,912.9,346.7,709.0,465.1,447.9,535.5,338.0,525.0,234.0,555.0,154.0,601.0,109.0,667.0,94.0,756.0,116.0,820.0,159.0,803.6,297.6,822.4,359.9,794.0,380.3,753.0,474.4,733.1,485.1,677.4,464.3,638.6,501.4,628.8,533.0,710.6,606.7,735.1,668.6,745.7,738.3,757.0,761.6,763.4,730.2,792.7,706.5,824.3,696.7,856.8,714.7,1121.0,776.0,1182.8,746.4,1211.7,739.9,1219.5,752.8,1171.1,783.9,1205.9,790.2,1246.7,773.4,1242.1,800.1,1200.6,900.7,1112.4,933.1,894.5,1075.9,802.5,1109.7,759.9,1086.0,771.0,1246.1,797.1,1246.0,839.1,1248.0,2191.0,1246.0,2212.9,1237.9,2212.5,1157.6,2207.5,1118.3,2211.7,1081.2,2205.3,1034.9,2215.2,940.4,2213.6,836.9,2213.9,565.6,2214.8,306.9,2211.9,0.0]],"area":1823330.0,"bbox":[344.8,0.0,1870.4,1248.0],"iscrowd":0,"attributes":{"occluded":false}},{"id":70,"image_id":30,"category_id":6,"segmentation":[[126.0,279.0,93.0,284.0,0.0,285.1,0.2,301.1,12.9,301.6,36.9,301.3,65.8,301.5,95.0,298.0,115.0,291.0,126.0,282.0]],"area":1875.0,"bbox":[0.0,279.0,126.0,22.6],"iscrowd":0,"attributes":{"occluded":false}},{"id":71,"image_id":30,"category_id":7,"segmentation":[[268.5,24.8,268.0,34.0,269.0,476.0,465.0,477.0,464.1,25.5,459.9,24.0]],"area":88674.0,"bbox":[268.0,24.0,197.0,453.0],"iscrowd":0,"attributes":{"occluded":false}},{"id":72,"image_id":31,"category_id":2,"segmentation":[[827.0,249.0,828.0,261.2,826.6,269.4,819.0,277.8,810.5,279.0,802.0,292.0,798.7,299.4,805.0,311.0,820.0,310.0,834.3,324.1,848.8,311.0,858.0,293.0,862.4,285.1,855.0,271.0,850.0,267.0,836.0,263.0,835.0,252.0]],"area":2422.0,"bbox":[798.7,249.0,63.7,75.1],"iscrowd":0,"attributes":{"occluded":false}},{"id":73,"image_id":31,"category_id":2,"segmentation":[[784.0,219.0,780.0,224.0,778.0,237.0,770.0,242.0,768.0,240.0,764.0,249.0,763.0,265.0,765.0,271.0,776.0,282.0,819.0,278.0,825.0,272.0,828.0,252.0,823.0,239.0,810.0,225.0,805.0,225.0,800.0,219.0]],"area":3085.0,"bbox":[763.0,219.0,65.0,63.0],"iscrowd":0,"attributes":{"occluded":false}},{"id":74,"image_id":31,"category_id":7,"segmentation":[[0.8,0.8,0.0,195.0,13.4,198.1,15.9,214.4,25.1,211.9,46.5,229.6,51.5,251.1,0.1,283.4,15.8,295.6,32.7,304.4,51.8,339.8,25.2,358.7,88.8,364.0,104.2,367.8,111.5,367.7,126.8,370.7,127.5,391.7,201.0,401.8,201.7,416.6,195.9,419.0,202.5,743.4,202.3,790.0,329.5,790.0,376.0,775.0,527.8,693.0,529.9,665.9,528.5,435.7,524.5,117.6,524.1,77.0,527.9,66.2,527.6,50.3,527.0,37.0,525.8,27.5,523.4,17.2,521.0,0.8,392.1,3.0,361.0,0.0]],"area":319137.0,"bbox":[0.0,0.0,529.9,790.0],"iscrowd":0,"attributes":{"occluded":false}},{"id":75,"image_id":31,"category_id":7,"segmentation":[[1335.1,16.7,1335.4,0.0,1263.9,0.0,1236.0,0.0,1211.0,0.3,1196.6,0.4,1173.8,0.0,1056.2,0.8,810.0,0.0,810.0,15.1,811.2,224.4,819.2,234.0,827.2,248.0,834.9,251.5,834.7,260.2,855.4,268.8,862.4,286.2,850.0,308.0,835.6,323.7,835.8,332.8,833.9,342.7,810.6,355.6,899.8,371.9,970.6,389.3,983.0,391.5,996.0,396.7,997.8,408.7,991.8,414.8,995.9,435.1,993.6,455.5,993.1,483.1,992.6,500.9,996.3,546.6,1003.9,790.0,1104.7,790.0,1149.9,758.6,1207.0,722.0,1280.0,678.0,1316.0,671.0,1333.0,660.0,1337.0,591.5,1334.1,569.7,1335.8,546.2,1334.8,497.8,1333.5,387.0,1334.2,156.2,1331.9,112.2,1334.1,106.9,1334.5,95.7,1333.5,79.6,1335.8,63.9,1335.2,48.3,1335.8,32.6]],"area":315481.0,"bbox":[810.0,0.0,527.0,790.0],"iscrowd":0,"attributes":{"occluded":false}},{"id":76,"image_id":31,"category_id":2,"segmentation":[[829.0,317.0,818.0,310.0,803.0,313.0,799.0,303.0,791.0,299.0,783.0,301.0,769.0,309.0,763.0,316.0,761.4,321.0,762.3,325.2,764.0,328.3,767.3,329.3,765.7,331.6,759.6,335.1,756.3,342.7,757.0,352.0,762.0,361.0,772.0,370.0,785.0,370.0,805.0,357.0,831.0,345.0,835.0,338.0,835.0,329.0]],"area":3745.0,"bbox":[756.3,299.0,78.7,71.0],"iscrowd":0,"attributes":{"occluded":false}},{"id":77,"image_id":32,"category_id":2,"segmentation":[[617.0,136.0,617.4,132.0,614.6,128.9,600.0,128.6,598.7,130.0,595.9,129.8,594.2,134.0,596.0,137.0,598.3,138.9,608.4,137.8,612.2,137.4,616.0,137.0]],"area":185.0,"bbox":[594.2,128.6,23.2,10.3],"iscrowd":0,"attributes":{"occluded":false}},{"id":78,"image_id":32,"category_id":3,"segmentation":[[576.4,390.1,565.3,388.9,563.6,380.2,437.4,392.6,433.0,637.0,559.6,602.9,558.4,583.1,564.7,579.1,566.1,489.2,566.0,402.7,577.8,397.5]],"area":30319.0,"bbox":[433.0,380.2,144.8,256.8],"iscrowd":0,"attributes":{"occluded":false}},{"id":79,"image_id":32,"category_id":6,"segmentation":[[615.3,221.3,630.9,226.9,640.2,226.6,655.2,222.8,654.1,208.0,633.0,207.0,615.0,208.4]],"area":691.0,"bbox":[615.0,207.0,40.2,19.9],"iscrowd":0,"attributes":{"occluded":false}},{"id":80,"image_id":32,"category_id":5,"segmentation":[[63.0,158.0,64.0,240.0,97.0,242.0,198.0,242.0,209.0,241.6,208.0,165.0,176.0,163.6]],"area":11626.0,"bbox":[63.0,158.0,146.0,84.0],"iscrowd":0,"attributes":{"occluded":false}},{"id":81,"image_id":32,"category_id":6,"segmentation":[[578.0,217.0,578.2,226.1,612.9,225.9,615.3,215.6,613.0,210.0,582.0,210.0,582.0,214.0]],"area":557.0,"bbox":[578.0,210.0,37.3,16.1],"iscrowd":0,"attributes":{"occluded":false}},{"id":82,"image_id":33,"category_id":7,"segmentation":[[881.6,128.2,883.0,306.0,885.0,343.0,887.0,347.0,900.6,345.8,907.0,351.6,911.4,357.6,888.8,366.1,892.3,450.5,893.7,485.2,905.1,485.9,914.5,486.4,928.2,487.3,938.4,489.4,962.2,491.7,972.0,490.8,970.0,125.0,906.8,127.8,893.4,126.2]],"area":30475.0,"bbox":[881.6,125.0,90.4,366.7],"iscrowd":0,"attributes":{"occluded":false}},{"id":83,"image_id":34,"category_id":7,"segmentation":[[119.0,0.0,115.0,1.9,115.6,17.3,114.0,68.0,115.9,463.3,113.0,519.0,380.0,519.0,384.0,512.0,384.2,26.6,383.4,1.2,366.7,1.8,353.0,0.0]],"area":139591.0,"bbox":[113.0,0.0,271.2,519.0],"iscrowd":0,"attributes":{"occluded":false}},{"id":84,"image_id":35,"category_id":7,"segmentation":[[8.6,9.4,23.4,9.3,116.7,64.9,247.3,7.9,249.7,255.4,250.0,330.9,116.7,332.0,118.2,265.7,78.5,289.3,27.9,312.4,7.2,307.2,8.1,115.8]],"area":67451.0,"bbox":[7.2,7.9,242.8,324.1],"iscrowd":0,"attributes":{"occluded":false}},{"id":85,"image_id":36,"category_id":9,"segmentation":[[178.0,581.0,170.0,582.0,168.0,595.0,168.0,671.0,173.0,697.0,172.0,728.0,174.0,734.0,175.0,765.0,171.0,779.0,160.0,788.0,156.0,788.0,147.0,794.0,140.0,803.0,141.0,814.0,148.0,818.0,157.0,819.0,188.0,812.0,204.0,804.0,201.0,792.0,192.0,786.0,184.0,777.0,182.0,765.0,181.0,687.0,183.0,683.0,182.0,675.0,185.0,670.0,186.0,597.0,185.0,586.0,182.0,582.0]],"area":4274.0,"bbox":[140.0,581.0,64.0,238.0],"iscrowd":0,"attributes":{"occluded":false}},{"id":86,"image_id":36,"category_id":7,"segmentation":[[552.1,126.3,551.6,140.4,553.6,167.4,552.3,189.7,551.9,209.0,546.8,214.8,543.5,227.6,539.0,250.4,530.4,274.3,525.1,325.2,520.8,391.2,522.7,560.9,522.2,773.8,518.4,1009.2,548.4,1115.8,546.8,1262.8,600.1,1279.7,814.2,1224.4,815.9,1328.0,862.6,1328.0,892.0,1327.4,909.0,1327.4,1998.0,1326.0,1997.0,0.0,1575.0,67.3,873.5,75.6,847.6,62.2,664.7,35.9,594.6,22.8,552.1,28.5,554.0,64.5,552.7,97.4]],"area":1846070.0,"bbox":[518.4,0.0,1479.6,1328.0],"iscrowd":0,"attributes":{"occluded":false}},{"id":87,"image_id":37,"category_id":2,"segmentation":[[62.0,172.0,54.5,187.5,55.7,196.0,64.4,200.2,76.1,193.9,84.2,187.2,79.0,177.0,68.8,171.1]],"area":563.0,"bbox":[54.5,171.1,29.7,29.1],"iscrowd":0,"attributes":{"occluded":false}},{"id":88,"image_id":37,"category_id":6,"segmentation":[[408.2,42.1,408.0,64.0,409.7,65.0,415.0,65.0,417.0,65.1,431.8,64.9,435.4,61.8,435.0,48.0,432.4,47.4,434.0,41.0,418.7,41.8,416.0,41.9,412.0,41.7]],"area":614.0,"bbox":[408.0,41.0,27.4,24.1],"iscrowd":0,"attributes":{"occluded":false}},{"id":89,"image_id":37,"category_id":2,"segmentation":[[63.0,137.0,60.0,146.0,54.5,151.1,55.1,159.1,62.3,163.7,76.0,162.0,80.5,157.2,79.0,147.4,74.0,141.0,68.0,142.0,66.0,137.0]],"area":476.0,"bbox":[54.5,137.0,26.0,26.7],"iscrowd":0,"attributes":{"occluded":false}},{"id":90,"image_id":37,"category_id":7,"segmentation":[[322.0,39.0,179.0,36.0,157.8,36.7,155.1,41.8,145.9,42.3,146.0,51.2,146.1,60.9,149.0,187.0,157.0,392.0,167.0,400.0,290.0,378.0,322.0,378.0,326.0,373.0]],"area":60630.0,"bbox":[145.9,36.0,180.1,364.0],"iscrowd":0,"attributes":{"occluded":false}},{"id":91,"image_id":37,"category_id":2,"segmentation":[[87.3,157.2,96.3,164.0,97.8,171.0,84.8,184.1,78.0,175.4,72.0,175.0,71.2,172.1,75.8,166.6,76.7,161.2,80.3,158.0]],"area":416.0,"bbox":[71.2,157.2,26.6,26.9],"iscrowd":0,"attributes":{"occluded":false}},{"id":92,"image_id":38,"category_id":7,"segmentation":[[577.4,317.6,576.4,471.0,605.9,471.3,606.5,581.9,701.8,591.9,745.6,598.2,785.6,601.8,865.1,610.5,899.3,615.4,940.1,618.2,941.0,450.0,939.0,338.0,939.0,298.0,813.5,304.7,742.9,308.7]],"area":102533.0,"bbox":[576.4,298.0,364.6,320.2],"iscrowd":0,"attributes":{"occluded":false}},{"id":93,"image_id":39,"category_id":7,"segmentation":[[1191.0,281.0,1031.0,274.0,993.9,274.2,902.3,273.3,870.0,273.5,854.2,322.1,855.0,393.1,854.1,869.3,868.1,898.7,901.0,896.1,1035.7,890.3,1150.3,888.6,1154.9,896.9,1187.0,897.5,1194.0,437.0]],"area":207155.0,"bbox":[854.1,273.3,339.9,625.4],"iscrowd":0,"attributes":{"occluded":false}},{"id":94,"image_id":39,"category_id":5,"segmentation":[[439.0,376.6,442.4,512.0,647.0,512.6,645.0,378.0]],"area":27676.0,"bbox":[439.0,376.6,208.0,136.0],"iscrowd":0,"attributes":{"occluded":false}},{"id":95,"image_id":40,"category_id":5,"segmentation":[[576.2,136.7,576.0,150.0,576.3,217.3,582.9,218.9,630.8,223.3,639.0,221.0,640.0,152.0,602.0,141.8]],"area":4905.0,"bbox":[576.0,136.7,64.0,86.6],"iscrowd":0,"attributes":{"occluded":false}},{"id":96,"image_id":40,"category_id":7,"segmentation":[[290.0,19.0,194.8,72.9,192.0,361.0,196.5,712.3,283.1,787.0,311.9,777.6,316.4,768.9,449.8,700.9,563.0,645.0,576.5,622.7,575.5,96.8]],"area":254299.0,"bbox":[192.0,19.0,384.5,768.0],"iscrowd":0,"attributes":{"occluded":false}},{"id":97,"image_id":41,"category_id":7,"segmentation":[[827.9,210.4,825.0,345.0,827.4,1040.7,1183.2,1041.5,1185.3,212.9,1022.1,210.8]],"area":297132.0,"bbox":[825.0,210.4,360.3,831.1],"iscrowd":0,"attributes":{"occluded":false}},{"id":98,"image_id":42,"category_id":7,"segmentation":[[1018.9,182.8,988.0,170.0,974.0,171.6,962.9,172.1,938.0,175.6,810.4,181.7,677.9,193.6,654.4,194.2,653.0,217.9,655.0,336.0,656.3,793.0,711.3,806.2,850.6,832.7,995.5,849.0,1004.3,834.4,1000.0,723.0,996.5,511.0,995.0,498.0,1042.0,477.0,1037.0,191.6]],"area":233684.0,"bbox":[653.0,170.0,389.0,679.0],"iscrowd":0,"attributes":{"occluded":false}},{"id":99,"image_id":42,"category_id":2,"segmentation":[[1110.0,270.0,1111.0,276.0,1116.0,282.0,1116.0,285.0,1114.0,287.0,1111.0,287.0,1108.0,290.0,1108.0,293.0,1114.0,300.0,1116.0,301.0,1126.0,301.0,1127.0,300.0,1143.0,300.0,1144.0,299.0,1144.0,289.0,1145.0,288.0,1145.0,282.0,1146.0,281.0,1146.0,276.0,1147.0,275.0,1147.0,272.0,1146.0,271.0,1138.0,268.0,1112.0,268.0]],"area":1071.0,"bbox":[1108.0,268.0,39.0,33.0],"iscrowd":0,"attributes":{"occluded":false}},{"id":100,"image_id":43,"category_id":7,"segmentation":[[550.0,31.0,496.4,79.4,436.6,107.7,426.9,111.2,198.1,111.7,112.4,114.3,65.0,90.1,0.0,30.4,0.0,297.0,0.0,338.3,0.0,356.6,0.0,390.6,0.0,418.9,0.0,460.6,0.0,592.6,0.7,732.0,48.7,695.0,66.3,685.6,65.0,731.0,514.0,731.0,513.0,706.0,548.0,714.0]],"area":345459.0,"bbox":[0.0,30.4,550.0,701.6],"iscrowd":0,"attributes":{"occluded":false}},{"id":101,"image_id":44,"category_id":7,"segmentation":[[266.7,177.6,264.3,502.7,281.4,501.8,337.7,470.2,338.6,471.4,339.6,599.5,343.8,599.6,344.5,616.8,540.7,615.2,539.8,600.4,544.2,599.8,548.2,470.8,583.3,487.9,597.1,484.7,598.5,177.6,542.4,208.1,336.7,206.2]],"area":121243.0,"bbox":[264.3,177.6,334.2,439.2],"iscrowd":0,"attributes":{"occluded":false}},{"id":102,"image_id":45,"category_id":7,"segmentation":[[103.0,469.0,37.6,503.6,35.5,541.2,33.9,601.5,35.2,656.7,30.0,793.0,33.5,854.1,44.0,1016.0,46.4,1197.5,75.9,1200.0,432.8,1199.0,434.3,1125.3,432.9,1035.6,434.2,973.6,434.8,893.5,435.9,689.6,438.0,484.0,436.5,461.6,435.3,450.7,434.0,430.4,423.2,431.1,412.3,423.8,401.1,426.0,390.1,423.2,369.6,419.8,354.6,417.4,340.6,420.0,298.0,415.0,256.0,412.0]],"area":302381.0,"bbox":[30.0,412.0,408.0,788.0],"iscrowd":0,"attributes":{"occluded":false}},{"id":103,"image_id":46,"category_id":2,"segmentation":[[687.0,193.0,680.0,214.0,681.0,230.0,697.0,233.0,710.0,233.0,722.0,230.0,726.0,219.0,712.0,203.0,710.0,198.0,701.0,191.0]],"area":1420.0,"bbox":[680.0,191.0,46.0,42.0],"iscrowd":0,"attributes":{"occluded":false}},{"id":104,"image_id":46,"category_id":2,"segmentation":[[683.0,148.0,680.0,156.0,680.2,169.0,680.1,187.9,709.3,187.5,709.8,183.7,714.9,185.0,720.0,180.0,722.0,171.0,709.0,148.0,703.0,146.0]],"area":1473.0,"bbox":[680.0,146.0,42.0,41.9],"iscrowd":0,"attributes":{"occluded":false}},{"id":105,"image_id":46,"category_id":7,"segmentation":[[140.7,184.0,141.1,199.7,142.0,210.0,141.8,236.8,141.1,307.1,136.0,536.0,142.0,639.0,138.0,787.4,143.0,868.0,162.1,870.8,158.9,904.5,205.8,904.5,205.0,871.4,583.7,871.6,577.5,907.8,629.4,907.5,625.6,871.8,647.0,868.0,645.0,597.0,649.0,567.0,646.7,145.5,616.6,145.5,592.5,145.6,571.4,144.0,551.1,145.4,522.9,143.3,485.0,145.1,444.3,144.6,419.2,143.6,383.1,145.2,346.0,143.5,322.0,146.0,290.5,146.1,252.0,143.8,223.3,146.6,174.0,145.4,141.0,145.2,142.2,161.7,141.1,171.0,141.5,176.2]],"area":371689.0,"bbox":[136.0,143.3,513.0,764.5],"iscrowd":0,"attributes":{"occluded":false}},{"id":106,"image_id":47,"category_id":7,"segmentation":[[119.2,626.2,119.3,645.9,119.5,669.5,117.0,720.0,117.0,780.0,128.0,787.3,130.0,805.3,127.0,826.0,130.0,833.0,135.5,829.5,138.9,826.1,142.0,822.0,150.0,812.0,154.0,796.0,159.0,792.0,167.2,792.2,176.8,793.0,175.4,823.1,165.0,824.0,160.0,823.0,154.0,828.0,138.0,851.0,137.0,867.0,140.0,878.0,140.0,897.0,146.0,911.0,136.7,948.3,133.2,959.6,142.1,992.6,124.1,1035.5,134.0,1035.2,139.3,1034.9,144.8,1034.0,155.0,1033.0,203.0,1030.0,219.5,1028.1,271.0,1023.0,329.4,1016.8,329.0,1009.0,327.3,926.0,326.2,875.0,328.2,702.5,327.5,634.0,318.5,631.4,279.0,630.0,251.0,628.5,174.7,626.4,163.2,626.6,154.4,626.9,149.4,626.7,141.8,626.2,133.5,625.7]],"area":77966.0,"bbox":[117.0,625.7,212.4,409.8],"iscrowd":0,"attributes":{"occluded":false}},{"id":107,"image_id":47,"category_id":5,"segmentation":[[478.0,719.0,480.0,722.0,513.0,721.0,530.0,724.0,575.0,723.0,580.0,709.0,582.0,685.0,585.0,679.0,595.0,671.0,612.0,665.0,611.0,651.0,609.0,649.0,586.0,646.0,495.0,646.0,483.0,644.0,478.0,649.0]],"area":8609.0,"bbox":[478.0,644.0,134.0,80.0],"iscrowd":0,"attributes":{"occluded":false}},{"id":108,"image_id":48,"category_id":3,"segmentation":[[948.0,345.0,946.0,364.0,946.0,580.0,949.0,583.0,956.0,584.0,978.0,582.0,1030.0,582.0,1039.0,584.0,1097.0,581.0,1111.0,584.0,1113.0,581.0,1117.0,536.0,1116.0,473.0,1118.0,445.0,1116.0,348.0,1111.0,345.0,1027.0,344.0,998.9,344.9,963.0,344.0]],"area":40529.0,"bbox":[946.0,344.0,172.0,240.0],"iscrowd":0,"attributes":{"occluded":false}},{"id":109,"image_id":48,"category_id":7,"segmentation":[[358.0,89.0,349.0,89.0,336.0,83.0,262.0,83.0,224.0,77.0,205.0,77.0,193.0,81.0,169.0,81.0,162.0,83.0,103.0,83.0,75.0,81.3,76.3,90.6,77.0,124.0,75.0,289.0,75.0,505.0,77.0,562.0,75.0,581.0,76.0,591.0,82.0,598.0,92.0,592.0,221.0,592.0,284.0,590.0,285.0,588.0,348.0,587.0,362.0,580.0,364.0,563.0,361.0,542.0,363.0,527.0,363.0,430.0,367.0,366.0,367.0,278.0,365.0,256.0,366.0,107.0,363.0,100.0,363.0,93.0]],"area":146969.0,"bbox":[75.0,77.0,292.0,521.0],"iscrowd":0,"attributes":{"occluded":false}},{"id":110,"image_id":48,"category_id":5,"segmentation":[[620.0,81.0,617.0,87.0,618.0,190.0,620.0,193.0,816.0,196.0,822.0,193.0,826.0,165.0,825.0,101.0,823.0,85.0,820.0,82.0,787.0,80.0,757.0,81.0,743.0,79.0,635.0,79.0]],"area":23765.0,"bbox":[617.0,79.0,209.0,117.0],"iscrowd":0,"attributes":{"occluded":false}},{"id":111,"image_id":48,"category_id":2,"segmentation":[[1093.0,84.4,1075.0,85.0,1062.0,90.0,1060.0,95.0,1062.0,101.0,1061.0,115.0,1063.0,118.0,1074.0,122.0,1093.6,121.8]],"area":1116.0,"bbox":[1060.0,84.4,33.6,37.6],"iscrowd":0,"attributes":{"occluded":false}},{"id":112,"image_id":49,"category_id":7,"segmentation":[],"area":955219.5534000001,"bbox":[1.09,0.0,1198.91,796.74],"iscrowd":0,"attributes":{"occluded":false,"rotation":0.0}},{"id":113,"image_id":50,"category_id":2,"segmentation":[[116.0,565.0,115.7,571.2,116.0,575.0,116.0,580.0,103.0,591.0,102.0,598.0,105.0,609.0,111.0,619.0,113.0,630.0,124.0,639.0,134.0,639.0,143.0,635.0,151.0,626.0,154.0,603.0,153.0,594.0,150.0,587.0,144.0,581.0,128.6,575.0,126.0,573.1,124.4,569.2,123.6,564.9,119.0,565.0]],"area":2603.0,"bbox":[102.0,564.9,52.0,74.1],"iscrowd":0,"attributes":{"occluded":false}},{"id":114,"image_id":50,"category_id":2,"segmentation":[[71.4,563.6,68.8,568.6,69.0,575.0,66.0,578.0,51.0,581.0,38.0,596.0,35.0,606.0,32.6,619.1,51.3,633.4,64.9,638.5,77.9,643.7,99.9,645.5,108.0,635.0,109.0,621.0,102.0,608.0,100.0,589.0,96.0,576.0,87.5,563.4]],"area":4251.0,"bbox":[32.6,563.4,76.4,82.1],"iscrowd":0,"attributes":{"occluded":false}},{"id":115,"image_id":50,"category_id":2,"segmentation":[[115.8,663.7,113.9,662.8,108.8,660.0,101.0,659.0,96.0,663.0,94.0,671.0,78.0,682.0,67.0,698.0,68.0,715.0,74.0,723.0,103.0,736.0,130.0,738.0,137.0,735.0,142.0,726.0,143.0,713.0,127.0,694.0,124.0,681.0,120.0,676.0,117.0,666.0,115.9,664.7]],"area":3931.0,"bbox":[67.0,659.0,76.0,79.0],"iscrowd":0,"attributes":{"occluded":false}},{"id":116,"image_id":50,"category_id":2,"segmentation":[[73.0,658.0,67.0,659.0,63.0,671.0,52.0,672.0,44.0,676.0,37.3,683.5,36.3,707.2,39.4,726.9,54.0,737.0,66.0,737.0,75.6,725.8,67.4,714.0,66.5,697.8,79.6,679.3,82.6,677.5,74.0,671.0,76.0,661.0]],"area":2208.0,"bbox":[36.3,658.0,46.3,79.0],"iscrowd":0,"attributes":{"occluded":false}},{"id":117,"image_id":50,"category_id":7,"segmentation":[[1191.4,111.9,1173.2,111.0,1155.6,110.7,1158.2,123.6,1159.8,138.0,1155.0,157.9,1158.9,228.0,1157.4,274.6,1158.0,324.8,1156.9,362.1,1158.3,431.8,1179.1,427.6,1183.6,442.5,1180.0,472.7,1185.4,486.3,1158.6,554.8,1158.2,617.2,1159.8,650.8,1161.0,769.9,1159.5,825.8,1157.0,864.1,1157.7,907.9,1157.4,932.2,1154.0,1001.0,1286.4,1001.0,1410.0,1001.0,1430.5,1001.0,1448.1,1000.2,1481.7,1001.0,1524.2,1000.6,1852.9,1001.0,1862.0,987.0,1855.1,779.4,1855.6,621.0,1856.0,459.0,1854.3,194.8,1855.6,162.9,1856.1,111.5,1838.0,110.5,1665.0,109.7,1476.7,113.6,1331.7,110.0,1299.1,111.2,1277.9,112.7,1262.0,110.0,1248.3,111.3,1235.8,108.4,1222.0,111.1,1204.0,111.8]],"area":618836.0,"bbox":[1154.0,108.4,708.0,892.6],"iscrowd":0,"attributes":{"occluded":false}},{"id":118,"image_id":51,"category_id":3,"segmentation":[[635.6,297.7,637.0,563.0,662.2,564.9,695.0,564.0,820.0,565.0,821.0,299.0,727.2,297.8]],"area":49022.0,"bbox":[635.6,297.7,185.4,267.3],"iscrowd":0,"attributes":{"occluded":false}},{"id":119,"image_id":51,"category_id":7,"segmentation":[[329.5,11.3,206.3,12.7,206.0,562.0,495.1,562.2,494.7,456.0,491.2,58.4,489.7,14.7]],"area":157749.0,"bbox":[206.0,11.3,289.1,550.9],"iscrowd":0,"attributes":{"occluded":false}},{"id":120,"image_id":52,"category_id":2,"segmentation":[[299.0,401.0,302.0,429.0,339.0,429.0,346.0,419.0,346.0,410.0,340.0,406.0,333.0,406.0,329.0,400.0,315.0,398.0,301.0,399.0]],"area":1220.0,"bbox":[299.0,398.0,47.0,31.0],"iscrowd":0,"attributes":{"occluded":false}},{"id":121,"image_id":52,"category_id":2,"segmentation":[[449.2,405.2,450.4,423.8,451.4,429.9,481.5,431.0,488.0,420.0,489.2,412.0,480.0,409.0,477.0,405.0,459.0,404.0]],"area":905.0,"bbox":[449.2,404.0,40.0,27.0],"iscrowd":0,"attributes":{"occluded":false}},{"id":122,"image_id":52,"category_id":7,"segmentation":[[994.5,284.9,970.5,297.9,971.0,812.3,975.0,816.3,976.5,960.3,961.1,960.3,963.7,970.8,992.6,999.0,1367.0,999.0,1370.0,336.0,1371.9,282.3,1171.0,280.0]],"area":284194.0,"bbox":[961.1,280.0,410.8,719.0],"iscrowd":0,"attributes":{"occluded":false}},{"id":123,"image_id":53,"category_id":7,"segmentation":[[165.0,22.2,167.9,725.3,526.1,729.2,535.0,23.2]],"area":256557.0,"bbox":[165.0,22.2,370.0,707.0],"iscrowd":0,"attributes":{"occluded":false}},{"id":124,"image_id":54,"category_id":7,"segmentation":[[245.4,62.3,233.9,70.9,235.9,549.9,266.8,550.9,388.1,498.9,388.1,89.8]],"area":69605.0,"bbox":[233.9,62.3,154.2,488.6],"iscrowd":0,"attributes":{"occluded":false}},{"id":125,"image_id":55,"category_id":6,"segmentation":[[128.3,278.9,42.0,285.0,21.9,284.8,16.7,285.3,9.6,285.9,4.0,285.0,0.0,285.1,0.0,301.0,10.0,301.0,42.0,301.0,98.0,297.0,111.0,293.0,126.2,284.0]],"area":1881.0,"bbox":[0.0,278.9,128.3,22.1],"iscrowd":0,"attributes":{"occluded":false}},{"id":126,"image_id":55,"category_id":7,"segmentation":[[269.0,23.3,269.6,359.5,270.7,478.4,464.0,477.0,463.4,24.0]],"area":88214.0,"bbox":[269.0,23.3,195.0,455.1],"iscrowd":0,"attributes":{"occluded":false}},{"id":127,"image_id":56,"category_id":7,"segmentation":[[248.5,54.2,234.5,70.3,239.9,366.5,389.1,353.9,391.6,351.3,390.0,64.0,346.0,60.0]],"area":46271.0,"bbox":[234.5,54.2,157.1,312.3],"iscrowd":0,"attributes":{"occluded":false}},{"id":128,"image_id":57,"category_id":7,"segmentation":[[834.1,399.7,833.1,465.4,833.6,546.6,832.7,1153.6,864.0,1271.0,1334.0,1278.0,1324.2,259.5,864.8,261.0,832.4,308.9]],"area":500246.0,"bbox":[832.4,259.5,501.6,1018.5],"iscrowd":0,"attributes":{"occluded":false}},{"id":129,"image_id":58,"category_id":2,"segmentation":[[493.6,313.5,484.1,305.1,481.8,298.0,471.6,296.8,461.9,299.6,459.0,320.0,459.5,325.2,477.0,322.0,492.8,318.6]],"area":681.0,"bbox":[459.0,296.8,34.6,28.4],"iscrowd":0,"attributes":{"occluded":false}},{"id":130,"image_id":58,"category_id":2,"segmentation":[[514.0,289.0,506.0,288.0,495.4,292.8,493.3,318.3,519.5,313.8,525.7,312.1,526.2,308.0,522.9,303.9,519.4,300.2]],"area":694.0,"bbox":[493.3,288.0,32.9,30.3],"iscrowd":0,"attributes":{"occluded":false}},{"id":131,"image_id":58,"category_id":2,"segmentation":[[561.0,303.0,554.0,296.0,553.0,290.0,550.0,287.0,544.0,286.0,527.4,291.3,525.3,312.4,542.0,310.0,561.0,306.2]],"area":654.0,"bbox":[525.3,286.0,35.7,26.4],"iscrowd":0,"attributes":{"occluded":false}},{"id":132,"image_id":58,"category_id":7,"segmentation":[[178.0,352.0,100.0,374.0,99.4,608.8,93.3,611.4,92.2,617.6,96.7,619.8,98.2,726.5,231.8,797.5,277.4,776.6,277.7,771.8,257.7,763.9,256.2,721.0,256.0,355.0,233.0,346.0]],"area":64817.0,"bbox":[92.2,346.0,185.5,451.5],"iscrowd":0,"attributes":{"occluded":false}},{"id":133,"image_id":58,"category_id":1,"segmentation":[[421.0,438.0,419.0,439.0,419.0,455.0,403.5,457.9,409.0,509.0,405.0,529.0,400.1,536.9,394.2,540.6,392.5,547.3,402.0,566.0,438.0,569.0,452.0,564.0,453.0,529.0,448.0,522.0,446.0,508.0,442.0,506.0,444.0,495.0,449.1,459.0,438.0,455.0,437.0,442.0,435.0,440.0]],"area":5313.0,"bbox":[392.5,438.0,60.5,131.0],"iscrowd":0,"attributes":{"occluded":false}},{"id":134,"image_id":58,"category_id":2,"segmentation":[[427.0,314.0,422.0,314.0,420.0,309.0,414.0,307.0,404.0,309.0,401.0,312.0,400.5,335.3,413.2,334.7,426.0,330.0]],"area":615.0,"bbox":[400.5,307.0,26.5,28.3],"iscrowd":0,"attributes":{"occluded":false}},{"id":135,"image_id":58,"category_id":2,"segmentation":[[427.0,315.0,428.0,328.0,429.0,329.2,443.0,329.0,458.0,324.0,458.0,320.0,456.0,319.0,453.0,316.0,452.0,313.0,448.0,310.0,439.0,309.0,430.0,312.0]],"area":483.0,"bbox":[427.0,309.0,31.0,20.2],"iscrowd":0,"attributes":{"occluded":false}},{"id":136,"image_id":59,"category_id":6,"segmentation":[[45.5,377.4,41.8,381.2,38.9,386.1,47.7,395.6,57.0,410.0,73.0,422.0,96.0,427.0,142.0,429.0,170.0,427.0,191.0,413.0,200.0,395.0,193.8,392.0,189.2,390.3,180.5,386.9,169.7,386.8,112.0,383.0,75.0,379.0,56.0,374.0,50.2,374.2]],"area":6022.0,"bbox":[38.9,374.0,161.1,55.0],"iscrowd":0,"attributes":{"occluded":false}},{"id":137,"image_id":59,"category_id":2,"segmentation":[[736.0,123.0,735.0,124.0,735.0,138.0,736.0,139.0,748.0,139.0,749.0,136.0,752.0,133.0,752.0,131.0,749.0,125.0,746.0,123.0]],"area":236.0,"bbox":[735.0,123.0,17.0,16.0],"iscrowd":0,"attributes":{"occluded":false}},{"id":138,"image_id":59,"category_id":2,"segmentation":[[712.9,123.0,715.7,138.6,728.0,138.5,728.9,129.0,729.2,122.7,721.8,122.5]],"area":228.0,"bbox":[712.9,122.5,16.3,16.1],"iscrowd":0,"attributes":{"occluded":false}},{"id":139,"image_id":59,"category_id":7,"segmentation":[[322.7,35.8,294.3,55.3,294.7,128.3,285.9,128.5,283.2,367.7,294.0,369.8,295.1,484.2,322.2,525.4,338.8,522.8,516.8,502.4,518.0,491.3,526.7,487.1,525.7,375.4,608.2,380.9,605.2,108.8,540.3,108.2,538.0,51.0]],"area":133308.0,"bbox":[283.2,35.8,325.0,489.6],"iscrowd":0,"attributes":{"occluded":false}},{"id":140,"image_id":60,"category_id":7,"segmentation":[[277.2,193.7,196.5,191.6,162.4,189.3,129.9,194.8,110.0,199.0,87.0,203.5,90.7,227.4,91.4,262.0,90.2,304.7,94.2,763.1,172.0,828.2,480.9,742.6,536.4,805.0,552.0,805.0,549.4,601.3,562.6,600.8,563.9,360.2,549.3,357.7,548.6,191.9,480.3,206.3,412.0,206.0,368.7,201.3]],"area":272692.0,"bbox":[87.0,189.3,476.9,638.9],"iscrowd":0,"attributes":{"occluded":false}},{"id":141,"image_id":61,"category_id":7,"segmentation":[[118.0,0.0,113.0,282.6,121.8,800.0,1089.0,798.0,1092.3,0.0,645.0,2.0]],"area":777214.0,"bbox":[113.0,0.0,979.3,800.0],"iscrowd":0,"attributes":{"occluded":false}},{"id":142,"image_id":62,"category_id":3,"segmentation":[[0.0,804.0,0.0,1204.0,263.0,1205.0,269.0,807.0]],"area":106139.0,"bbox":[0.0,804.0,269.0,401.0],"iscrowd":0,"attributes":{"occluded":false}},{"id":143,"image_id":62,"category_id":7,"segmentation":[[475.7,126.8,472.8,1211.0,959.0,1216.0,963.0,133.0,863.2,132.2,793.7,130.7]],"area":527376.0,"bbox":[472.8,126.8,490.2,1089.2],"iscrowd":0,"attributes":{"occluded":false}},{"id":144,"image_id":63,"category_id":7,"segmentation":[[395.4,18.8,395.4,32.9,395.7,42.5,395.5,52.5,395.6,83.2,402.0,313.0,400.7,423.8,401.1,525.9,402.0,601.3,403.0,621.3,432.0,621.6,440.3,613.4,633.9,581.0,736.2,559.4,733.0,547.0,705.0,399.0,697.0,310.0,672.0,278.2,661.7,269.3,655.5,261.0,653.3,262.3,650.9,255.1,649.3,249.0,649.2,244.4,650.6,241.8,651.7,236.7,654.6,234.2,656.1,230.0,657.0,228.1,658.7,228.1,661.1,228.1,664.6,230.0,669.3,234.4,675.6,241.3,676.8,252.8,685.5,263.0,707.0,278.6,713.0,259.0,720.0,225.0,752.0,199.0,758.0,155.0,769.0,134.0,782.0,126.0,806.8,125.6,821.5,138.5,821.0,126.3,822.0,54.0,732.0,46.2,705.9,44.5,634.0,38.2,582.6,34.0,536.0,31.0,486.6,25.2,451.3,23.3]],"area":186450.0,"bbox":[395.4,18.8,426.6,602.8],"iscrowd":0,"attributes":{"occluded":false}},{"id":145,"image_id":64,"category_id":7,"segmentation":[[124.8,19.9,119.4,84.0,124.6,161.3,126.5,208.4,125.0,249.0,126.3,297.4,125.6,336.8,125.0,396.0,124.8,419.1,127.2,446.8,125.4,477.6,125.8,500.9,125.1,539.3,124.8,550.0,126.8,568.1,127.4,601.6,126.6,627.1,126.0,648.7,125.4,673.9,125.4,703.2,125.1,760.7,127.0,808.0,125.4,843.7,126.3,872.0,918.0,870.0,918.0,854.0,930.0,843.0,936.0,819.0,934.0,786.0,945.0,762.0,947.0,689.0,957.0,680.0,955.0,662.0,968.0,622.0,970.0,511.0,950.0,494.0,917.5,508.8,867.9,525.8,830.3,529.7,794.2,526.4,774.0,496.8,770.0,439.0,725.3,390.6,746.1,370.1,746.3,347.0,791.0,358.0,817.0,430.0,837.0,449.0,853.0,447.0,880.0,432.0,917.0,392.0,948.0,370.0,1003.0,355.0,1036.0,335.0,1045.0,323.0,1045.0,307.0,1030.0,292.0,1011.0,239.0,1013.0,166.5,1026.8,138.7,1050.0,122.5,1099.0,97.0,982.0,60.0,648.0,79.0,320.0,31.0,277.0,29.0,234.3,20.2,156.9,8.3]],"area":677625.0,"bbox":[119.4,8.3,979.6,863.7],"iscrowd":0,"attributes":{"occluded":false}},{"id":146,"image_id":65,"category_id":5,"segmentation":[[536.0,170.0,534.0,167.0,425.0,168.0,422.0,170.0,420.0,191.0,422.0,225.0,426.0,227.0,472.5,228.3,534.0,227.9]],"area":6861.0,"bbox":[420.0,167.0,116.0,61.3],"iscrowd":0,"attributes":{"occluded":false}},{"id":147,"image_id":65,"category_id":3,"segmentation":[[703.0,341.0,701.0,356.0,702.0,449.0,706.0,451.0,790.0,450.0,791.0,343.0,789.0,341.0,759.0,340.0]],"area":9777.0,"bbox":[701.0,340.0,90.0,111.0],"iscrowd":0,"attributes":{"occluded":false}},{"id":148,"image_id":65,"category_id":7,"segmentation":[[198.0,193.0,192.0,198.0,193.0,458.0,199.0,464.0,241.0,461.0,263.0,463.0,329.0,460.0,336.0,454.0,331.0,447.0,331.0,195.0,329.0,193.0]],"area":37241.0,"bbox":[192.0,193.0,144.0,271.0],"iscrowd":0,"attributes":{"occluded":false}},{"id":149,"image_id":66,"category_id":7,"segmentation":[[389.5,58.2,392.3,109.0,391.0,152.0,391.3,696.8,392.1,734.9,398.2,828.3,802.9,823.3,808.0,572.5,806.5,59.8,592.0,56.2]],"area":318969.0,"bbox":[389.5,56.2,418.5,772.1],"iscrowd":0,"attributes":{"occluded":false}},{"id":150,"image_id":66,"category_id":2,"segmentation":[[2584.0,176.0,2582.0,174.0,2533.0,176.0,2471.0,175.0,2407.0,179.0,2405.0,183.0,2403.0,200.0,2411.0,221.0,2415.0,240.0,2419.0,244.0,2573.0,243.0,2577.0,240.0,2582.0,223.0]],"area":11714.0,"bbox":[2403.0,174.0,181.0,70.0],"iscrowd":0,"attributes":{"occluded":false}},{"id":151,"image_id":67,"category_id":3,"segmentation":[[1437.5,520.0,1432.4,527.3,1435.0,540.0,1459.0,553.0,1461.4,648.7,1463.1,716.2,1464.4,855.2,1465.9,874.8,1556.5,874.2,1557.0,867.0,1556.7,849.1,1556.7,834.8,1556.8,817.1,1555.6,794.8,1555.1,755.6,1552.0,530.0,1511.0,519.0,1463.2,506.8,1458.1,517.8]],"area":33591.0,"bbox":[1432.4,506.8,124.6,368.0],"iscrowd":0,"attributes":{"occluded":false}},{"id":152,"image_id":67,"category_id":7,"segmentation":[[1348.6,95.7,1311.0,97.0,1300.0,102.0,1281.7,106.3,1263.0,112.0,1229.0,117.0,1222.1,118.0,1193.7,118.0,1179.6,119.7,1094.0,121.0,1080.5,121.0,1064.3,120.3,1050.6,119.6,1005.7,122.2,987.6,121.2,953.7,122.6,941.2,122.9,932.0,122.2,924.5,123.2,914.3,123.9,900.7,121.0,885.0,123.3,870.8,122.5,871.7,151.3,875.0,276.0,873.0,277.0,872.0,497.0,873.0,521.0,873.3,533.7,873.8,589.8,874.0,601.0,874.3,649.8,875.0,683.0,874.2,695.7,877.5,701.4,878.4,722.6,894.8,723.2,903.0,723.0,909.0,724.0,1009.0,724.0,1027.2,722.0,1028.0,703.0,1025.0,692.0,1026.0,667.0,1038.0,663.0,1042.0,650.0,1047.0,645.0,1049.0,625.0,1048.0,609.0,1054.0,598.0,1053.0,592.0,1051.0,591.0,1049.0,575.0,1039.0,573.0,1025.5,577.2,1020.3,572.0,1018.8,557.8,1024.0,528.8,1020.0,505.0,1017.3,497.8,1017.5,471.7,1018.3,464.3,1021.5,449.3,1021.0,437.1,1015.6,417.7,1017.3,408.7,1023.6,398.7,1026.8,391.9,1030.1,391.2,1032.4,388.9,1031.1,388.4,1027.9,386.2,1027.6,384.7,1025.3,381.0,1022.8,372.2,1024.5,349.7,1027.8,342.3,1030.5,336.5,1041.8,329.5,1057.0,329.3,1070.5,333.5,1078.0,342.5,1083.4,357.9,1080.7,374.0,1084.7,376.5,1092.8,376.8,1100.5,372.0,1106.3,370.5,1111.0,367.0,1124.0,367.3,1133.0,375.5,1129.0,387.5,1116.0,397.0,1098.5,402.5,1081.8,408.0,1094.3,431.1,1105.2,464.0,1111.8,488.0,1115.0,507.0,1119.0,518.0,1129.0,530.0,1134.0,553.0,1123.0,566.0,1119.0,566.0,1114.0,561.0,1111.0,561.0,1108.0,570.0,1110.0,608.0,1108.0,648.0,1106.3,694.8,1101.4,721.3,1112.6,721.0,1119.6,720.6,1130.5,721.1,1141.0,720.3,1149.4,720.5,1157.6,719.8,1170.1,719.8,1177.9,718.6,1192.3,719.7,1202.8,718.9,1209.5,718.9,1217.5,718.4,1230.4,720.2,1243.7,719.4,1255.6,717.9,1254.7,709.7,1255.2,695.5,1260.7,692.1,1261.2,668.6,1260.7,645.1,1260.7,633.3,1260.7,622.9,1260.4,613.0,1260.7,604.7,1260.4,596.9,1260.3,590.6,1260.2,579.5,1260.4,575.9,1260.5,573.6,1260.7,571.4,1260.3,566.7,1259.8,558.2,1260.2,549.2,1259.9,539.3,1260.8,531.1,1264.5,530.2,1274.5,532.4,1281.1,531.8,1285.3,531.9,1291.9,534.5,1301.7,536.0,1313.5,535.2,1314.4,514.0,1312.8,503.6,1313.1,487.3,1312.6,474.9,1311.6,464.3,1312.9,453.4,1353.0,452.5,1365.6,451.3,1363.6,425.0,1365.2,416.3,1364.0,408.0,1365.0,385.6,1364.0,379.0,1363.9,373.7,1361.9,364.8,1352.4,361.0,1348.4,344.3,1354.4,332.6,1364.0,322.0,1366.0,302.0,1362.0,204.0,1363.0,174.7,1362.0,162.0,1357.0,162.2,1352.7,161.1,1350.0,156.9,1350.0,131.0,1350.0,106.3]],"area":241195.0,"bbox":[870.8,95.7,495.2,628.3],"iscrowd":0,"attributes":{"occluded":false}},{"id":153,"image_id":68,"category_id":7,"segmentation":[[160.0,61.0,156.0,66.0,154.0,281.0,156.0,298.0,156.0,528.0,482.0,528.0,481.0,446.0,483.0,438.0,484.0,350.0,482.0,75.0,484.0,64.0,480.0,60.0,444.0,62.0,366.0,60.0,281.0,62.0]],"area":152786.0,"bbox":[154.0,60.0,330.0,468.0],"iscrowd":0,"attributes":{"occluded":false}},{"id":154,"image_id":69,"category_id":7,"segmentation":[[600.0,111.0,518.0,107.0,475.0,111.0,445.0,110.0,433.0,114.0,428.0,113.0,425.0,116.0,427.0,125.0,423.0,144.0,423.0,225.0,425.0,257.0,423.0,369.0,427.0,472.0,425.0,507.0,428.0,528.0,440.0,526.0,474.0,528.0,583.0,526.0,599.0,529.0,602.0,526.0,604.0,516.0,605.0,382.0,607.0,377.0,605.0,251.0,608.0,207.0,608.0,144.0,605.0,133.0,605.0,115.0]],"area":75656.0,"bbox":[423.0,107.0,185.0,422.0],"iscrowd":0,"attributes":{"occluded":false}},{"id":155,"image_id":70,"category_id":5,"segmentation":[[653.5,510.3,648.0,507.0,559.9,507.1,560.9,520.1,561.0,538.0,565.0,540.0,586.3,532.3,588.0,535.8,583.8,555.4,607.6,557.5,650.0,554.0,652.6,550.9]],"area":4018.0,"bbox":[559.9,507.0,93.6,50.5],"iscrowd":0,"attributes":{"occluded":false}},{"id":156,"image_id":70,"category_id":3,"segmentation":[[298.9,619.0,143.0,633.0,141.9,843.5,142.3,909.9,297.0,854.0]],"area":39797.0,"bbox":[141.9,619.0,157.0,290.9],"iscrowd":0,"attributes":{"occluded":false}},{"id":157,"image_id":70,"category_id":7,"segmentation":[[3.0,311.0,0.2,999.0,90.7,966.3,141.3,947.4,140.7,328.6]],"area":91097.0,"bbox":[0.2,311.0,141.1,688.0],"iscrowd":0,"attributes":{"occluded":false}},{"id":158,"image_id":71,"category_id":2,"segmentation":[[856.1,350.0,860.0,383.1,882.0,382.9,897.3,368.5,896.6,359.0,886.3,347.8,866.6,347.8]],"area":1193.0,"bbox":[856.1,347.8,41.2,35.3],"iscrowd":0,"attributes":{"occluded":false}},{"id":159,"image_id":71,"category_id":5,"segmentation":[[722.3,48.7,713.9,6.7,663.6,9.5,661.5,48.4,612.8,61.9,612.8,82.6,520.2,97.1,399.3,122.0,402.0,623.0,699.0,623.0,698.7,472.8,717.0,470.5,735.4,401.4,741.1,256.9,738.0,131.5]],"area":177419.0,"bbox":[399.3,6.7,341.8,616.3],"iscrowd":0,"attributes":{"occluded":false}},{"id":160,"image_id":72,"category_id":7,"segmentation":[[266.0,600.0,246.0,597.0,237.0,601.0,232.0,598.0,218.0,596.0,202.0,597.0,159.0,592.0,144.0,596.0,136.0,594.0,122.0,597.0,61.0,596.0,45.0,599.0,38.0,604.0,34.0,808.0,43.0,883.0,42.0,983.0,43.0,1015.0,46.0,1022.0,58.0,1026.0,76.0,1028.0,120.0,1026.0,203.0,1027.0,213.0,1025.0,263.0,1025.0,272.0,1020.0,275.0,992.0,275.0,914.0,272.0,898.0,272.0,852.0,269.0,815.0,269.0,604.0]],"area":99785.0,"bbox":[34.0,592.0,241.0,436.0],"iscrowd":0,"attributes":{"occluded":false}},{"id":161,"image_id":72,"category_id":5,"segmentation":[[405.0,604.0,402.0,612.0,402.0,659.0,404.0,692.0,408.8,697.8,569.8,699.9,578.0,691.0,581.0,620.0,580.0,610.0,576.0,604.0,478.0,601.0]],"area":16986.0,"bbox":[402.0,601.0,179.0,98.9],"iscrowd":0,"attributes":{"occluded":false}},{"id":162,"image_id":73,"category_id":7,"segmentation":[[107.0,111.0,99.0,764.0,107.0,804.0,116.0,805.0,123.0,798.0,232.6,800.1,262.4,800.2,401.0,800.1,458.9,801.1,488.0,780.0,487.2,664.7,491.4,146.0,486.0,122.6,458.0,105.0,332.0,109.0,263.7,108.9]],"area":266328.0,"bbox":[99.0,105.0,392.4,700.0],"iscrowd":0,"attributes":{"occluded":false}},{"id":163,"image_id":73,"category_id":3,"segmentation":[[1264.0,458.0,1261.0,461.0,1263.0,776.0,1486.0,777.0,1486.0,745.0,1486.6,729.9,1488.5,459.4,1415.0,458.6]],"area":71683.0,"bbox":[1261.0,458.0,227.5,319.0],"iscrowd":0,"attributes":{"occluded":false}},{"id":164,"image_id":73,"category_id":5,"segmentation":[[822.0,114.0,823.0,254.0,825.0,258.0,830.0,260.0,850.1,265.4,924.0,266.0,991.0,266.0,1006.1,264.5,1084.0,264.0,1091.0,262.0,1096.0,257.0,1099.0,222.0,1099.0,115.0,1094.0,109.0,828.0,107.0]],"area":43228.0,"bbox":[822.0,107.0,277.0,159.0],"iscrowd":0,"attributes":{"occluded":false}},{"id":165,"image_id":73,"category_id":2,"segmentation":[[1455.0,112.0,1430.0,114.0,1417.0,119.0,1415.0,125.0,1421.6,137.0,1414.3,144.1,1418.0,154.0,1423.0,159.0,1431.0,163.0,1439.0,164.0,1456.0,163.0,1457.0,114.0]],"area":1875.0,"bbox":[1414.3,112.0,42.7,52.0],"iscrowd":0,"attributes":{"occluded":false}},{"id":166,"image_id":74,"category_id":2,"segmentation":[[428.0,588.0,429.0,593.0,442.0,606.0,457.8,607.0,462.5,598.2,464.0,582.3,454.0,580.0,438.0,581.0]],"area":735.0,"bbox":[428.0,580.0,36.0,27.0],"iscrowd":0,"attributes":{"occluded":false}},{"id":167,"image_id":74,"category_id":7,"segmentation":[[923.0,783.2,919.4,797.0,930.0,803.3,928.2,896.9,921.1,898.1,917.4,908.4,928.1,917.7,925.4,1123.4,1096.8,1232.9,1146.2,1261.9,1173.2,1280.0,1224.8,1280.0,1242.0,165.0,1241.1,135.0,1243.0,105.9,939.9,149.8,930.3,782.8]],"area":328805.0,"bbox":[917.4,105.9,325.6,1174.1],"iscrowd":0,"attributes":{"occluded":false}},{"id":168,"image_id":74,"category_id":3,"segmentation":[[713.2,685.4,712.8,702.0,712.9,707.4,699.3,708.7,695.6,711.1,694.2,716.0,695.8,719.9,712.3,727.6,709.0,981.0,715.0,992.0,736.0,1006.0,746.0,1009.0,777.0,1031.0,810.0,1048.0,821.0,1057.0,831.0,1060.0,833.0,1057.0,838.8,744.7,838.8,730.2,837.6,727.0,808.5,716.8,783.4,708.8,776.0,707.0,743.2,694.4]],"area":40513.0,"bbox":[694.2,685.4,144.6,374.6],"iscrowd":0,"attributes":{"occluded":false}},{"id":169,"image_id":74,"category_id":2,"segmentation":[[499.0,592.0,495.0,592.0,493.0,586.0,479.0,584.0,466.0,586.0,466.0,602.0,472.0,610.0,486.0,610.0,500.0,600.0,501.0,596.0]],"area":716.0,"bbox":[466.0,584.0,35.0,26.0],"iscrowd":0,"attributes":{"occluded":false}},{"id":170,"image_id":74,"category_id":6,"segmentation":[[445.1,293.8,440.6,296.2,440.4,320.6,455.4,329.2,506.5,330.7,523.4,321.4,520.0,296.0,516.0,293.0,513.1,278.6,462.0,278.0,446.1,278.1]],"area":3880.0,"bbox":[440.4,278.0,83.0,52.7],"iscrowd":0,"attributes":{"occluded":false}},{"id":171,"image_id":75,"category_id":7,"segmentation":[[163.0,28.0,92.1,61.9,91.4,84.2,2.2,118.8,0.0,622.0,1.0,668.2,0.0,1256.0,143.0,1379.0,641.0,1136.0,659.5,937.9,656.8,170.4]],"area":769930.0,"bbox":[0.0,28.0,659.5,1351.0],"iscrowd":0,"attributes":{"occluded":false}},{"id":172,"image_id":75,"category_id":5,"segmentation":[[659.0,241.0,657.0,258.0,658.0,374.0,661.0,380.0,695.0,381.0,736.0,386.0,768.0,385.0,771.0,379.0,772.0,352.0,771.0,265.0,750.0,258.0,712.0,250.0,696.0,244.0]],"area":15083.0,"bbox":[657.0,241.0,115.0,145.0],"iscrowd":0,"attributes":{"occluded":false}},{"id":173,"image_id":76,"category_id":1,"segmentation":[[46.0,292.0,44.0,298.0,46.0,381.0,41.0,396.0,29.0,404.0,23.2,409.8,23.1,446.1,27.3,444.9,33.0,444.1,39.6,449.9,44.0,452.4,48.0,453.8,46.3,457.3,34.5,476.6,52.2,478.9,130.6,472.0,126.0,408.0,112.0,396.0,105.5,376.7,107.9,317.9,113.9,318.4,116.0,332.0,116.2,358.5,122.9,360.2,123.7,308.5,108.0,307.0,108.9,299.1,104.6,290.8,94.6,287.5,64.0,288.0]],"area":14835.0,"bbox":[23.1,287.5,107.5,191.4],"iscrowd":0,"attributes":{"occluded":false}},{"id":174,"image_id":76,"category_id":3,"segmentation":[[287.5,503.6,258.5,506.4,242.6,509.3,168.0,520.1,78.0,534.0,75.0,743.3,289.0,744.0,289.3,584.9]],"area":47907.0,"bbox":[75.0,503.6,214.3,240.4],"iscrowd":0,"attributes":{"occluded":false}},{"id":175,"image_id":76,"category_id":8,"segmentation":[[938.0,419.0,946.0,433.0,950.0,436.0,958.0,438.0,990.0,438.0,1019.0,435.0,1025.0,433.3,1032.4,431.3,1035.2,428.0,1034.9,425.0,1040.6,422.3,1052.0,419.2,1074.9,419.1,1086.6,415.3,1059.1,415.1,1040.0,419.0,1010.0,414.0,980.0,413.0,940.0,416.0]],"area":2191.0,"bbox":[938.0,413.0,148.6,25.0],"iscrowd":0,"attributes":{"occluded":false}},{"id":176,"image_id":76,"category_id":7,"segmentation":[[373.9,86.3,368.0,87.7,368.0,110.0,368.1,112.8,368.0,118.0,368.0,299.0,370.0,336.0,370.0,605.0,373.0,656.0,375.0,660.0,398.4,662.3,405.0,663.0,424.1,666.6,438.0,670.0,473.0,679.0,486.0,679.0,487.0,681.0,498.7,681.9,502.9,684.1,507.3,685.5,519.0,689.0,530.7,690.5,536.0,692.6,541.8,692.8,547.3,693.1,553.0,695.9,567.1,700.5,574.6,701.2,582.0,702.1,591.0,703.0,593.0,694.0,593.0,490.0,588.0,318.0,590.0,261.0,589.0,165.0,591.0,142.0,587.0,107.0,587.0,86.0,587.6,65.3,574.5,61.6,564.5,62.7,553.4,62.2,549.0,65.6,538.4,65.1,525.1,67.6,478.3,73.3,476.0,74.0,422.5,80.3,418.9,80.7,393.0,83.8]],"area":134257.0,"bbox":[368.0,61.6,225.0,641.4],"iscrowd":0,"attributes":{"occluded":false}},{"id":177,"image_id":77,"category_id":2,"segmentation":[[196.0,106.0,188.0,115.0,176.0,122.0,169.0,134.0,170.0,159.0,177.0,171.0,189.0,179.0,229.0,178.0,233.0,170.0,231.0,126.0,227.0,118.0,211.0,105.0,204.0,103.0]],"area":3906.0,"bbox":[169.0,103.0,64.0,76.0],"iscrowd":0,"attributes":{"occluded":false}},{"id":178,"image_id":77,"category_id":2,"segmentation":[[300.0,138.0,290.0,129.0,275.0,124.0,270.0,124.0,247.0,135.0,240.0,142.0,235.0,153.0,235.0,162.0,242.1,178.3,245.1,182.6,250.1,186.6,285.0,187.0,294.0,184.0,302.0,176.0,307.0,163.0,306.0,150.0]],"area":3599.0,"bbox":[235.0,124.0,72.0,63.0],"iscrowd":0,"attributes":{"occluded":false}},{"id":179,"image_id":77,"category_id":2,"segmentation":[[220.0,76.0,219.0,98.0,221.0,104.0,226.0,109.0,269.0,111.0,283.0,106.0,288.0,102.0,284.0,80.0,273.0,60.0,245.0,59.9,229.0,66.0]],"area":2954.0,"bbox":[219.0,59.9,69.0,51.1],"iscrowd":0,"attributes":{"occluded":false}},{"id":180,"image_id":77,"category_id":1,"segmentation":[[397.0,60.0,392.0,65.0,394.0,71.0,396.0,181.0,389.0,189.0,381.0,192.0,378.0,197.0,380.0,282.0,401.0,281.0,405.0,278.0,427.0,284.0,474.0,280.0,489.0,283.0,496.0,282.0,495.0,196.0,492.0,192.0,481.0,189.0,473.0,181.0,474.9,111.7,478.0,65.0,469.0,60.0,427.0,52.0,417.0,54.0,411.0,58.0]],"area":21378.0,"bbox":[378.0,52.0,118.0,232.0],"iscrowd":0,"attributes":{"occluded":false}},{"id":181,"image_id":77,"category_id":2,"segmentation":[[280.0,198.0,269.0,209.0,258.0,225.0,257.0,232.0,247.0,252.0,247.0,258.0,269.0,270.0,293.0,276.9,308.0,279.0,314.8,273.4,325.8,280.8,339.0,275.0,345.0,269.0,350.3,256.7,352.3,244.1,348.0,234.0,329.0,211.0,325.0,202.0,312.0,195.0,291.3,190.4]],"area":6547.0,"bbox":[247.0,190.4,105.3,90.4],"iscrowd":0,"attributes":{"occluded":false}},{"id":182,"image_id":77,"category_id":2,"segmentation":[[209.8,187.4,166.3,192.7,137.0,222.0,131.0,233.0,131.0,247.0,138.0,264.0,143.0,269.0,155.0,273.0,162.0,271.0,168.0,273.0,209.0,272.0,232.0,265.0,238.2,262.4,232.4,239.2,229.0,224.0,222.0,207.0]],"area":7025.0,"bbox":[131.0,187.4,107.2,85.6],"iscrowd":0,"attributes":{"occluded":false}},{"id":183,"image_id":77,"category_id":2,"segmentation":[[146.0,52.0,131.7,44.2,115.0,57.0,103.0,72.0,93.0,111.0,96.0,121.0,108.0,134.0,123.0,143.0,134.0,143.0,145.0,136.0,148.0,138.0,154.0,137.0,159.0,128.0,166.0,125.0,174.0,116.0,183.0,110.0,195.0,93.0,192.0,86.0,180.0,74.0]],"area":6460.0,"bbox":[93.0,44.2,102.0,98.8],"iscrowd":0,"attributes":{"occluded":false}},{"id":184,"image_id":78,"category_id":3,"segmentation":[[1.4,965.0,0.0,1280.0,183.4,1280.0,185.6,964.8]],"area":57915.0,"bbox":[0.0,964.8,185.6,315.2],"iscrowd":0,"attributes":{"occluded":false}},{"id":185,"image_id":78,"category_id":7,"segmentation":[[1285.9,33.3,1058.8,112.0,456.3,102.8,234.1,28.7,222.7,28.9,218.6,422.0,218.3,468.9,215.0,527.6,216.0,613.7,216.0,660.8,215.0,723.4,214.6,753.7,213.7,1013.5,228.6,1014.1,445.1,971.4,444.4,1279.4,1068.2,1280.0,1069.6,1210.1,1069.3,1143.1,1071.4,1095.3,1070.9,973.9,1281.8,1018.4,1295.6,1015.7,1296.4,976.1,1323.2,968.1,1321.8,269.8,1298.3,264.3,1299.7,34.6]],"area":1174305.0,"bbox":[213.7,28.7,1109.5,1251.3],"iscrowd":0,"attributes":{"occluded":false}},{"id":186,"image_id":79,"category_id":7,"segmentation":[[288.6,42.8,286.2,61.4,288.0,90.1,288.0,152.0,291.0,375.7,468.3,372.1,469.0,51.0,355.4,48.0]],"area":58665.0,"bbox":[286.2,42.8,182.8,332.9],"iscrowd":0,"attributes":{"occluded":false}},{"id":187,"image_id":80,"category_id":7,"segmentation":[[116.2,53.4,69.3,54.1,71.1,161.7,49.1,168.6,45.2,217.6,41.0,311.2,38.8,438.0,39.5,522.6,50.9,659.7,68.9,662.9,79.1,773.8,85.1,1082.0,179.0,1150.0,670.0,1114.0,674.9,1111.3,676.3,914.1,676.1,886.2,676.0,827.6,676.9,788.3,677.9,746.2,661.6,744.0,663.6,738.3,844.0,755.5,874.0,751.4,885.5,414.2,878.3,79.9,853.0,76.4,648.1,95.3,168.5,80.7,132.7,58.8]],"area":778267.0,"bbox":[38.8,53.4,846.7,1096.6],"iscrowd":0,"attributes":{"occluded":false}},{"id":188,"image_id":80,"category_id":7,"segmentation":[],"area":750526.4979000001,"bbox":[1136.01,183.38,813.87,922.17],"iscrowd":0,"attributes":{"occluded":false,"rotation":0.0}},{"id":189,"image_id":81,"category_id":3,"segmentation":[],"area":30665.434800000003,"bbox":[273.4,294.59,280.28,109.41],"iscrowd":0,"attributes":{"occluded":false,"rotation":0.0}},{"id":190,"image_id":81,"category_id":7,"segmentation":[],"area":305153.32,"bbox":[555.59,0.0,755.33,404.0],"iscrowd":0,"attributes":{"occluded":false,"rotation":0.0}},{"id":191,"image_id":82,"category_id":7,"segmentation":[[318.4,20.7,328.3,20.3,509.48,94.14,1151.4,92.2,1165.4,1152.1,512.3,1162.1,333.39,1253.98,325.2,1254.1,317.0,786.9,300.9,783.4,296.2,775.8,292.5,762.4,293.3,508.2,297.2,499.7,305.9,496.6,318.6,498.1,318.8,480.8]],"area":917353.0,"bbox":[292.5,20.3,872.9,1233.8],"iscrowd":0,"attributes":{"occluded":false}},{"id":192,"image_id":83,"category_id":7,"segmentation":[[567.19,232.5,1309.69,238.12,1315.31,1376.25,1253.4,1380.0,1146.56,1209.38,565.31,1216.88]],"area":747976.0,"bbox":[565.31,232.5,750.0,1147.5],"iscrowd":0,"attributes":{"occluded":false}},{"id":193,"image_id":84,"category_id":7,"segmentation":[[0.82,22.01,141.85,33.42,148.37,53.8,470.38,61.14,472.01,51.36,495.65,43.21,557.61,44.84,599.18,41.58,600.0,599.18,600.0,599.18,0.0,600.0,0.0,311.04]],"area":330971.0,"bbox":[0.0,22.01,600.0,577.99],"iscrowd":0,"attributes":{"occluded":false}},{"id":194,"image_id":85,"category_id":7,"segmentation":[[239.0,62.0,231.0,67.0,230.0,85.0,231.0,235.0,227.0,289.0,227.0,364.0,229.0,406.0,229.0,592.0,228.0,601.1,233.2,605.0,263.1,605.5,266.3,602.1,273.2,602.2,277.0,602.0,353.0,604.0,425.3,603.0,427.9,607.0,438.6,607.2,440.5,609.6,456.9,609.8,458.4,603.7,463.6,602.2,467.0,434.0,469.0,407.0,468.0,68.0,463.0,61.0,441.2,59.7,278.0,60.0,267.2,60.5,253.0,60.0,247.0,64.0,246.0,62.0]],"area":129594.0,"bbox":[227.0,59.7,242.0,550.1],"iscrowd":0,"attributes":{"occluded":false}},{"id":195,"image_id":86,"category_id":7,"segmentation":[[416.48,269.38,429.84,271.6,590.08,309.43,592.3,126.94,1395.72,124.71,1391.27,300.53,1749.58,251.57,1769.6,251.6,1760.71,1566.87,1736.23,1569.09,1393.5,1471.2,1382.4,1524.6,598.98,1513.45,601.2,1451.14,436.51,1513.45,418.71,1513.45,409.81,1155.14,385.33,1152.92,387.55,431.84,400.9,434.06,414.26,445.19]],"area":1812952.0,"bbox":[385.33,124.71,1384.27,1444.38],"iscrowd":0,"attributes":{"occluded":false}},{"id":196,"image_id":87,"category_id":5,"segmentation":[[975.0,53.0,975.0,126.0,975.8,152.4,975.2,174.2,999.0,178.0,1058.0,177.0,1081.8,176.0,1100.3,175.5,1113.6,175.2,1124.9,175.2,1130.8,174.7,1140.6,175.5,1153.9,175.9,1154.6,170.5,1154.5,160.7,1156.3,121.5,1158.1,57.7,1151.7,57.8,1097.0,56.0]],"area":21937.0,"bbox":[975.0,53.0,183.1,125.0],"iscrowd":0,"attributes":{"occluded":false}},{"id":197,"image_id":87,"category_id":7,"segmentation":[[533.0,52.0,526.0,59.0,527.0,171.0,526.5,287.9,527.0,351.0,527.1,383.6,528.0,427.0,527.0,474.0,529.9,505.0,528.0,550.1,530.2,606.1,531.0,613.8,530.2,650.6,531.2,659.3,532.4,663.4,535.0,668.0,534.0,673.0,535.6,675.6,535.6,681.7,541.6,685.7,547.4,689.4,553.3,690.8,557.5,695.0,570.4,693.1,585.7,689.3,588.4,682.1,602.1,682.9,609.0,681.4,613.4,680.9,618.9,678.3,622.2,677.3,633.3,677.5,645.3,671.8,655.6,670.7,667.2,667.7,678.8,665.1,705.0,658.0,706.0,660.0,715.0,660.0,716.0,658.0,736.0,658.0,746.0,656.0,747.0,654.0,760.0,653.0,761.0,651.0,780.0,649.0,813.0,650.0,819.0,645.0,821.0,639.0,825.0,583.0,825.0,513.0,828.7,477.0,825.9,451.6,819.0,458.5,807.1,464.8,792.0,480.3,773.9,491.9,760.3,479.5,770.7,466.5,784.0,456.0,795.6,453.5,827.4,407.8,829.1,364.8,830.7,354.8,829.3,343.6,824.0,335.0,823.0,325.0,825.0,312.0,823.0,304.0,830.5,292.3,825.3,268.8,810.9,270.2,802.3,252.9,795.9,249.2,797.7,200.2,803.6,185.7,818.9,182.0,835.3,175.5,836.0,67.0,832.0,60.0,779.0,63.0,742.0,59.0,651.0,58.0,650.0,56.0,596.0,56.0,546.0,51.0]],"area":178911.0,"bbox":[526.0,51.0,310.0,644.0],"iscrowd":0,"attributes":{"occluded":false}},{"id":198,"image_id":88,"category_id":7,"segmentation":[[652.97,30.09,698.97,26.49,732.77,25.79,821.24,27.92,846.4,32.24,842.81,411.21,661.59,411.21,657.28,397.55,653.68,187.57,652.24,60.28]],"area":72920.0,"bbox":[652.24,25.79,194.16,385.42],"iscrowd":0,"attributes":{"occluded":false}},{"id":199,"image_id":88,"category_id":7,"segmentation":[[2.2,30.1,48.2,26.5,82.0,25.8,170.47,27.94,195.63,32.25,192.04,411.23,10.82,411.23,6.51,397.56,2.91,187.58,1.47,60.3]],"area":72842.0,"bbox":[1.47,25.8,194.16,385.43],"iscrowd":0,"attributes":{"occluded":false}},{"id":200,"image_id":88,"category_id":7,"segmentation":[[219.34,29.37,265.34,25.77,299.14,25.07,387.61,27.2,412.77,31.52,409.18,410.49,227.96,410.49,223.65,396.83,220.05,186.85,218.61,59.56]],"area":72875.0,"bbox":[218.61,25.07,194.16,385.42],"iscrowd":0,"attributes":{"occluded":false}},{"id":201,"image_id":88,"category_id":7,"segmentation":[[437.23,29.37,483.23,25.77,517.03,25.07,605.5,27.2,630.67,31.52,627.07,410.49,445.85,410.49,441.54,396.83,437.94,186.85,436.51,59.56]],"area":72791.0,"bbox":[436.51,25.07,194.16,385.42],"iscrowd":0,"attributes":{"occluded":false}},{"id":202,"image_id":89,"category_id":7,"segmentation":[[220.1,246.8,222.0,323.0,226.0,700.0,324.0,727.0,402.0,749.7,430.5,753.3,468.4,750.2,466.9,642.0,465.9,584.6,466.9,226.0,437.8,222.4,371.0,232.0]],"area":120972.0,"bbox":[220.1,222.4,248.3,530.9],"iscrowd":0,"attributes":{"occluded":false}},{"id":203,"image_id":89,"category_id":5,"segmentation":[[218.0,274.3,192.0,276.3,123.0,283.0,120.0,291.0,119.0,348.0,123.0,357.0,157.0,359.0,218.0,354.0,220.0,350.0,220.0,297.0]],"area":7820.0,"bbox":[119.0,274.3,101.0,84.7],"iscrowd":0,"attributes":{"occluded":false}},{"id":204,"image_id":90,"category_id":7,"segmentation":[[704.5,145.9,726.3,140.7,855.82,159.13,1214.51,144.46,1305.82,90.65,1343.32,89.02,1348.21,173.8,1361.25,203.15,1372.7,233.0,1375.0,684.4,1362.6,723.9,1341.68,754.24,1338.42,825.98,1282.7,831.7,1238.97,783.59,1240.59,1000.0,841.11,1000.0,837.88,750.98,800.38,765.65,774.29,768.91,744.95,783.59,722.12,780.33,717.4,692.8,699.4,653.7,691.9,263.0,706.3,239.4]],"area":516215.0,"bbox":[691.9,89.02,683.1,910.98],"iscrowd":0,"attributes":{"occluded":false}},{"id":205,"image_id":90,"category_id":9,"segmentation":[[361.0,447.0,355.0,449.0,354.0,458.0,355.5,471.8,356.0,491.0,358.3,495.2,359.2,542.7,352.3,544.9,358.8,550.5,360.0,557.7,356.2,563.4,348.1,565.4,345.8,584.8,354.0,590.7,375.0,591.0,379.0,589.0,381.0,558.0,378.0,550.0,370.0,541.0,367.0,518.0,368.0,450.0]],"area":2305.0,"bbox":[345.8,447.0,35.2,144.0],"iscrowd":0,"attributes":{"occluded":false}},{"id":206,"image_id":90,"category_id":9,"segmentation":[[306.0,449.0,300.0,451.0,299.7,463.7,301.0,494.0,303.8,520.3,304.0,536.0,301.0,543.0,286.0,545.0,284.0,551.0,287.0,553.0,310.0,553.0,320.0,550.0,325.0,546.0,324.0,541.0,312.3,521.6,308.6,467.5,308.1,464.5,308.3,460.7,308.9,450.7]],"area":1310.0,"bbox":[284.0,449.0,41.0,104.0],"iscrowd":0,"attributes":{"occluded":false}},{"id":207,"image_id":90,"category_id":2,"segmentation":[[126.0,664.0,124.0,662.0,105.0,662.0,90.0,665.0,83.0,672.0,76.0,674.0,73.0,677.0,75.0,685.0,92.0,692.0,112.0,692.0,123.0,685.0]],"area":1235.0,"bbox":[73.0,662.0,53.0,30.0],"iscrowd":0,"attributes":{"occluded":false}},{"id":208,"image_id":91,"category_id":7,"segmentation":[[321.48,218.34,564.5,137.4,558.3,898.84,578.27,913.1,581.13,935.93,549.74,948.77,519.78,934.5,522.64,915.96,354.8,805.9,335.3,808.6,322.2,800.4,322.1,788.7,324.5,784.2,317.5,779.5]],"area":166938.0,"bbox":[317.5,137.4,263.63,811.37],"iscrowd":0,"attributes":{"occluded":false}},{"id":209,"image_id":91,"category_id":6,"segmentation":[[137.0,313.7,137.0,327.0,159.2,329.3,159.2,315.0,147.1,312.5]],"area":322.0,"bbox":[137.0,312.5,22.2,16.8],"iscrowd":0,"attributes":{"occluded":false}},{"id":210,"image_id":92,"category_id":7,"segmentation":[[505.8,39.6,507.0,119.0,505.6,709.1,538.4,710.8,796.3,714.0,803.8,46.4,674.0,43.1,617.0,39.5]],"area":196765.0,"bbox":[505.6,39.5,298.2,674.5],"iscrowd":0,"attributes":{"occluded":false}},{"id":211,"image_id":93,"category_id":7,"segmentation":[[779.35,167.01,1027.32,146.63,1058.74,157.67,1059.16,803.98,1055.08,802.79,1056.19,834.64,1030.29,828.18,781.39,752.69,781.65,569.95,777.4,564.26,778.25,557.97,780.8,556.61]],"area":177638.0,"bbox":[777.4,146.63,281.76,688.01],"iscrowd":0,"attributes":{"occluded":false}},{"id":212,"image_id":93,"category_id":7,"segmentation":[[1193.17,160.58,1351.21,142.3,1349.44,808.68,1294.6,790.39,1251.55,775.65,1194.94,749.11,1187.27,744.4,1189.04,560.41,1183.73,557.46,1184.32,549.79,1189.4,547.6]],"area":100702.0,"bbox":[1183.73,142.3,167.48,666.38],"iscrowd":0,"attributes":{"occluded":false}},{"id":213,"image_id":93,"category_id":7,"segmentation":[[656.9,157.5,623.0,153.9,588.0,151.5,492.7,146.6,483.0,146.3,480.0,150.3,466.8,151.1,456.0,149.5,444.2,152.2,443.3,172.3,439.6,795.1,447.0,796.0,446.0,839.0,451.0,846.0,498.0,842.0,530.4,836.5,623.4,809.4,623.4,802.8,656.3,790.8]],"area":145254.0,"bbox":[439.6,146.3,217.3,699.7],"iscrowd":0,"attributes":{"occluded":false}},{"id":214,"image_id":93,"category_id":7,"segmentation":[[249.0,164.0,150.2,148.3,98.3,141.6,97.2,198.6,102.0,845.0,129.0,845.0,186.7,811.7,274.3,777.3,316.0,744.0,316.7,180.3]],"area":139981.0,"bbox":[97.2,141.6,219.5,703.4],"iscrowd":0,"attributes":{"occluded":false}},{"id":215,"image_id":94,"category_id":7,"segmentation":[],"area":529902.6252,"bbox":[1.02,1.26,970.98,545.74],"iscrowd":0,"attributes":{"occluded":false,"rotation":0.0}},{"id":216,"image_id":95,"category_id":4,"segmentation":[[626.8,533.9,632.8,536.2,630.3,540.2,631.2,548.6,637.3,552.0,643.9,556.1,661.3,565.4,664.9,564.9,671.1,550.3,674.6,551.7,676.5,552.5,684.9,555.9,688.6,571.1,697.6,577.7,698.3,562.6,693.0,551.0,683.0,541.0,665.0,531.0,659.8,527.8,654.5,524.2,652.7,523.3,647.1,520.4,629.2,512.8,626.2,520.6,625.8,527.4]],"area":1969.0,"bbox":[625.8,512.8,72.5,64.9],"iscrowd":0,"attributes":{"occluded":false}},{"id":217,"image_id":95,"category_id":7,"segmentation":[],"area":721018.0173,"bbox":[1496.58,1.63,815.29,884.37],"iscrowd":0,"attributes":{"occluded":false,"rotation":0.0}},{"id":218,"image_id":96,"category_id":7,"segmentation":[[428.26,69.57,795.65,69.57,794.4,706.1,431.52,705.43,433.04,595.87,427.93,595.33,426.63,588.04,433.7,580.98,432.39,513.7,440.98,504.24,439.67,490.65,426.09,490.0]],"area":232659.0,"bbox":[426.09,69.57,369.56,636.53],"iscrowd":0,"attributes":{"occluded":false}},{"id":219,"image_id":97,"category_id":7,"segmentation":[[273.81,350.08,751.08,354.01,748.72,1114.34,276.95,1122.21]],"area":363615.0,"bbox":[273.81,350.08,477.27,772.13],"iscrowd":0,"attributes":{"occluded":false}},{"id":220,"image_id":98,"category_id":6,"segmentation":[[506.0,477.0,497.0,476.0,483.0,480.0,481.0,483.0,481.0,496.0,505.0,495.0,507.0,485.0]],"area":447.0,"bbox":[481.0,476.0,26.0,20.0],"iscrowd":0,"attributes":{"occluded":false}},{"id":221,"image_id":98,"category_id":6,"segmentation":[[234.0,572.0,235.0,583.0,238.0,585.0,270.8,583.1,271.4,564.8,268.0,564.0,236.4,565.1]],"area":706.0,"bbox":[234.0,564.0,37.4,21.0],"iscrowd":0,"attributes":{"occluded":false}},{"id":222,"image_id":98,"category_id":6,"segmentation":[[504.0,541.0,496.0,541.0,480.4,544.1,481.3,559.8,487.2,566.1,505.9,564.5,507.3,543.7]],"area":585.0,"bbox":[480.4,541.0,26.9,25.1],"iscrowd":0,"attributes":{"occluded":false}},{"id":223,"image_id":98,"category_id":7,"segmentation":[[508.45,507.86,767.26,479.68,767.59,1122.53,503.4,1080.07,503.4,865.88,505.9,608.6]],"area":159600.0,"bbox":[503.4,479.68,264.19,642.85],"iscrowd":0,"attributes":{"occluded":false}},{"id":224,"image_id":98,"category_id":5,"segmentation":[[274.88,465.22,443.05,441.2,442.51,562.96,274.88,576.61]],"area":19580.0,"bbox":[274.88,441.2,168.17,135.41],"iscrowd":0,"attributes":{"occluded":false}},{"id":225,"image_id":99,"category_id":5,"segmentation":[[227.42,60.0,461.97,61.54,459.66,461.43,229.72,462.2]],"area":93144.0,"bbox":[227.42,60.0,234.55,402.2],"iscrowd":0,"attributes":{"occluded":false}}]}