{"licenses":[{"name":"","id":0,"url":""}],"info":{"contributor":"","date_created":"","description":"","url":"","version":"","year":""},"categories":[{"id":1,"name":"blender","supercategory":""},{"id":2,"name":"coffee mug","supercategory":""},{"id":3,"name":"dishwasher","supercategory":""},{"id":4,"name":"knife","supercategory":""},{"id":5,"name":"microwave","supercategory":""},{"id":6,"name":"plate","supercategory":""},{"id":7,"name":"refrigerator","supercategory":""},{"id":8,"name":"skillet","supercategory":""},{"id":9,"name":"spatula","supercategory":""},{"id":10,"name":"toaster","supercategory":""}],"images":[{"id":1,"width":1300,"height":1536,"file_name":"microwave_0.jpg","license":0,"flickr_url":"","coco_url":"","date_captured":0},{"id":2,"width":1000,"height":1000,"file_name":"microwave_1.jpg","license":0,"flickr_url":"","coco_url":"","date_captured":0},{"id":3,"width":1200,"height":752,"file_name":"microwave_10.jpg","license":0,"flickr_url":"","coco_url":"","date_captured":0},{"id":4,"width":640,"height":640,"file_name":"microwave_11.jpg","license":0,"flickr_url":"","coco_url":"","date_captured":0},{"id":5,"width":640,"height":640,"file_name":"microwave_12.jpg","license":0,"flickr_url":"","coco_url":"","date_captured":0},{"id":6,"width":1440,"height":600,"file_name":"microwave_13.jpg","license":0,"flickr_url":"","coco_url":"","date_captured":0},{"id":7,"width":973,"height":600,"file_name":"microwave_14.jpg","license":0,"flickr_url":"","coco_url":"","date_captured":0},{"id":8,"width":1440,"height":1080,"file_name":"microwave_15.jpg","license":0,"flickr_url":"","coco_url":"","date_captured":0},{"id":9,"width":1400,"height":1400,"file_name":"microwave_16.jpg","license":0,"flickr_url":"","coco_url":"","date_captured":0},{"id":10,"width":389,"height":389,"file_name":"microwave_17.jpg","license":0,"flickr_url":"","coco_url":"","date_captured":0},{"id":11,"width":1500,"height":1000,"file_name":"microwave_18.jpg","license":0,"flickr_url":"","coco_url":"","date_captured":0},{"id":12,"width":3413,"height":1920,"file_name":"microwave_19.jpg","license":0,"flickr_url":"","coco_url":"","date_captured":0},{"id":13,"width":700,"height":398,"file_name":"microwave_2.jpg","license":0,"flickr_url":"","coco_url":"","date_captured":0},{"id":14,"width":389,"height":389,"file_name":"microwave_20.jpg","license":0,"flickr_url":"","coco_url":"","date_captured":0},{"id":15,"width":1024,"height":700,"file_name":"microwave_21.jpg","license":0,"flickr_url":"","coco_url":"","date_captured":0},{"id":16,"width":1050,"height":783,"file_name":"microwave_22.jpg","license":0,"flickr_url":"","coco_url":"","date_captured":0},{"id":17,"width":900,"height":586,"file_name":"microwave_23.jpg","license":0,"flickr_url":"","coco_url":"","date_captured":0},{"id":18,"width":2560,"height":2181,"file_name":"microwave_24.jpg","license":0,"flickr_url":"","coco_url":"","date_captured":0},{"id":19,"width":800,"height":479,"file_name":"microwave_25.jpg","license":0,"flickr_url":"","coco_url":"","date_captured":0},{"id":20,"width":389,"height":389,"file_name":"microwave_26.jpg","license":0,"flickr_url":"","coco_url":"","date_captured":0},{"id":21,"width":470,"height":276,"file_name":"microwave_27.jpg","license":0,"flickr_url":"","coco_url":"","date_captured":0},{"id":22,"width":389,"height":389,"file_name":"microwave_28.jpg","license":0,"flickr_url":"","coco_url":"","date_captured":0},{"id":23,"width":400,"height":303,"file_name":"microwave_29.jpg","license":0,"flickr_url":"","coco_url":"","date_captured":0},{"id":24,"width":612,"height":612,"file_name":"microwave_3.jpg","license":0,"flickr_url":"","coco_url":"","date_captured":0},{"id":25,"width":650,"height":400,"file_name":"microwave_30.jpg","license":0,"flickr_url":"","coco_url":"","date_captured":0},{"id":26,"width":638,"height":665,"file_name":"microwave_31.jpg","license":0,"flickr_url":"","coco_url":"","date_captured":0},{"id":27,"width":2048,"height":1072,"file_name":"microwave_32.jpg","license":0,"flickr_url":"","coco_url":"","date_captured":0},{"id":28,"width":624,"height":351,"file_name":"microwave_33.jpg","license":0,"flickr_url":"","coco_url":"","date_captured":0},{"id":29,"width":1229,"height":1280,"file_name":"microwave_34.jpg","license":0,"flickr_url":"","coco_url":"","date_captured":0},{"id":30,"width":998,"height":1400,"file_name":"microwave_35.jpg","license":0,"flickr_url":"","coco_url":"","date_captured":0},{"id":31,"width":1025,"height":625,"file_name":"microwave_36.jpg","license":0,"flickr_url":"","coco_url":"","date_captured":0},{"id":32,"width":5878,"height":5418,"file_name":"microwave_37.jpg","license":0,"flickr_url":"","coco_url":"","date_captured":0},{"id":33,"width":976,"height":549,"file_name":"microwave_38.jpg","license":0,"flickr_url":"","coco_url":"","date_captured":0},{"id":34,"width":1500,"height":1500,"file_name":"microwave_39.jpg","license":0,"flickr_url":"","coco_url":"","date_captured":0},{"id":35,"width":600,"height":600,"file_name":"microwave_4.jpg","license":0,"flickr_url":"","coco_url":"","date_captured":0},{"id":36,"width":1200,"height":675,"file_name":"microwave_40.jpg","license":0,"flickr_url":"","coco_url":"","date_captured":0},{"id":37,"width":600,"height":600,"file_name":"microwave_41.jpg","license":0,"flickr_url":"","coco_url":"","date_captured":0},{"id":38,"width":570,"height":380,"file_name":"microwave_42.jpg","license":0,"flickr_url":"","coco_url":"","date_captured":0},{"id":39,"width":406,"height":305,"file_name":"microwave_43.jpg","license":0,"flickr_url":"","coco_url":"","date_captured":0},{"id":40,"width":972,"height":729,"file_name":"microwave_44.jpg","license":0,"flickr_url":"","coco_url":"","date_captured":0},{"id":41,"width":616,"height":616,"file_name":"microwave_45.jpg","license":0,"flickr_url":"","coco_url":"","date_captured":0},{"id":42,"width":1440,"height":1280,"file_name":"microwave_46.jpg","license":0,"flickr_url":"","coco_url":"","date_captured":0},{"id":43,"width":600,"height":600,"file_name":"microwave_47.jpg","license":0,"flickr_url":"","coco_url":"","date_captured":0},{"id":44,"width":350,"height":350,"file_name":"microwave_48.jpg","license":0,"flickr_url":"","coco_url":"","date_captured":0},{"id":45,"width":389,"height":389,"file_name":"microwave_49.jpg","license":0,"flickr_url":"","coco_url":"","date_captured":0},{"id":46,"width":1200,"height":746,"file_name":"microwave_5.jpg","license":0,"flickr_url":"","coco_url":"","date_captured":0},{"id":47,"width":640,"height":640,"file_name":"microwave_50.jpg","license":0,"flickr_url":"","coco_url":"","date_captured":0},{"id":48,"width":1440,"height":600,"file_name":"microwave_51.jpg","license":0,"flickr_url":"","coco_url":"","date_captured":0},{"id":49,"width":1244,"height":1489,"file_name":"microwave_52.jpg","license":0,"flickr_url":"","coco_url":"","date_captured":0},{"id":50,"width":1245,"height":1791,"file_name":"microwave_53.jpg","license":0,"flickr_url":"","coco_url":"","date_captured":0},{"id":51,"width":1023,"height":1280,"file_name":"microwave_54.jpg","license":0,"flickr_url":"","coco_url":"","date_captured":0},{"id":52,"width":1500,"height":1500,"file_name":"microwave_55.jpg","license":0,"flickr_url":"","coco_url":"","date_captured":0},{"id":53,"width":600,"height":600,"file_name":"microwave_56.jpg","license":0,"flickr_url":"","coco_url":"","date_captured":0},{"id":54,"width":2000,"height":875,"file_name":"microwave_57.jpg","license":0,"flickr_url":"","coco_url":"","date_captured":0},{"id":55,"width":1200,"height":1200,"file_name":"microwave_58.jpg","license":0,"flickr_url":"","coco_url":"","date_captured":0},{"id":56,"width":2500,"height":2500,"file_name":"microwave_59.jpg","license":0,"flickr_url":"","coco_url":"","date_captured":0},{"id":57,"width":300,"height":213,"file_name":"microwave_6.jpg","license":0,"flickr_url":"","coco_url":"","date_captured":0},{"id":58,"width":1500,"height":888,"file_name":"microwave_60.jpg","license":0,"flickr_url":"","coco_url":"","date_captured":0},{"id":59,"width":1280,"height":960,"file_name":"microwave_61.jpg","license":0,"flickr_url":"","coco_url":"","date_captured":0},{"id":60,"width":550,"height":350,"file_name":"microwave_62.jpg","license":0,"flickr_url":"","coco_url":"","date_captured":0},{"id":61,"width":933,"height":1400,"file_name":"microwave_63.jpg","license":0,"flickr_url":"","coco_url":"","date_captured":0},{"id":62,"width":768,"height":499,"file_name":"microwave_64.jpg","license":0,"flickr_url":"","coco_url":"","date_captured":0},{"id":63,"width":1200,"height":601,"file_name":"microwave_65.jpg","license":0,"flickr_url":"","coco_url":"","date_captured":0},{"id":64,"width":1280,"height":720,"file_name":"microwave_66.jpg","license":0,"flickr_url":"","coco_url":"","date_captured":0},{"id":65,"width":1012,"height":665,"file_name":"microwave_67.jpg","license":0,"flickr_url":"","coco_url":"","date_captured":0},{"id":66,"width":790,"height":440,"file_name":"microwave_68.jpg","license":0,"flickr_url":"","coco_url":"","date_captured":0},{"id":67,"width":1280,"height":720,"file_name":"microwave_69.jpg","license":0,"flickr_url":"","coco_url":"","date_captured":0},{"id":68,"width":1198,"height":744,"file_name":"microwave_70.jpg","license":0,"flickr_url":"","coco_url":"","date_captured":0},{"id":69,"width":2400,"height":1260,"file_name":"microwave_71.jpg","license":0,"flickr_url":"","coco_url":"","date_captured":0},{"id":70,"width":600,"height":600,"file_name":"microwave_72.jpg","license":0,"flickr_url":"","coco_url":"","date_captured":0},{"id":71,"width":2400,"height":1800,"file_name":"microwave_73.jpg","license":0,"flickr_url":"","coco_url":"","date_captured":0},{"id":72,"width":1440,"height":1280,"file_name":"microwave_74.jpg","license":0,"flickr_url":"","coco_url":"","date_captured":0},{"id":73,"width":600,"height":600,"file_name":"microwave_75.jpg","license":0,"flickr_url":"","coco_url":"","date_captured":0},{"id":74,"width":1229,"height":1280,"file_name":"microwave_76.jpg","license":0,"flickr_url":"","coco_url":"","date_captured":0},{"id":75,"width":1440,"height":700,"file_name":"microwave_77.jpg","license":0,"flickr_url":"","coco_url":"","date_captured":0},{"id":76,"width":1200,"height":585,"file_name":"microwave_78.jpg","license":0,"flickr_url":"","coco_url":"","date_captured":0},{"id":77,"width":1200,"height":602,"file_name":"microwave_79.jpg","license":0,"flickr_url":"","coco_url":"","date_captured":0},{"id":78,"width":3776,"height":2832,"file_name":"microwave_8.jpg","license":0,"flickr_url":"","coco_url":"","date_captured":0},{"id":79,"width":3000,"height":2003,"file_name":"microwave_80.jpg","license":0,"flickr_url":"","coco_url":"","date_captured":0},{"id":80,"width":2400,"height":1600,"file_name":"microwave_81.jpg","license":0,"flickr_url":"","coco_url":"","date_captured":0},{"id":81,"width":1100,"height":730,"file_name":"microwave_82.jpg","license":0,"flickr_url":"","coco_url":"","date_captured":0},{"id":82,"width":1200,"height":1200,"file_name":"microwave_83.jpg","license":0,"flickr_url":"","coco_url":"","date_captured":0},{"id":83,"width":1200,"height":675,"file_name":"microwave_84.jpg","license":0,"flickr_url":"","coco_url":"","date_captured":0},{"id":84,"width":400,"height":400,"file_name":"microwave_85.jpg","license":0,"flickr_url":"","coco_url":"","date_captured":0},{"id":85,"width":900,"height":586,"file_name":"microwave_86.jpg","license":0,"flickr_url":"","coco_url":"","date_captured":0},{"id":86,"width":1200,"height":1600,"file_name":"microwave_87.jpg","license":0,"flickr_url":"","coco_url":"","date_captured":0},{"id":87,"width":1200,"height":675,"file_name":"microwave_88.jpg","license":0,"flickr_url":"","coco_url":"","date_captured":0},{"id":88,"width":638,"height":665,"file_name":"microwave_9.jpg","license":0,"flickr_url":"","coco_url":"","date_captured":0},{"id":89,"width":1200,"height":675,"file_name":"microwave_90.jpg","license":0,"flickr_url":"","coco_url":"","date_captured":0},{"id":90,"width":3000,"height":2002,"file_name":"microwave_91.jpg","license":0,"flickr_url":"","coco_url":"","date_captured":0},{"id":91,"width":920,"height":611,"file_name":"microwave_92.jpg","license":0,"flickr_url":"","coco_url":"","date_captured":0},{"id":92,"width":956,"height":1136,"file_name":"microwave_93.jpg","license":0,"flickr_url":"","coco_url":"","date_captured":0},{"id":93,"width":636,"height":333,"file_name":"microwave_95.jpg","license":0,"flickr_url":"","coco_url":"","date_captured":0},{"id":94,"width":2500,"height":2500,"file_name":"microwave_96.jpg","license":0,"flickr_url":"","coco_url":"","date_captured":0},{"id":95,"width":1500,"height":844,"file_name":"microwave_97.jpg","license":0,"flickr_url":"","coco_url":"","date_captured":0},{"id":96,"width":1600,"height":1600,"file_name":"microwave_98.jpg","license":0,"flickr_url":"","coco_url":"","date_captured":0},{"id":97,"width":1100,"height":730,"file_name":"microwave_99.jpg","license":0,"flickr_url":"","coco_url":"","date_captured":0}],"annotations":[{"id":1,"image_id":1,"category_id":5,"segmentation":[],"area":390633.04000000004,"bbox":[237.9,537.9,835.4,467.6],"iscrowd":0,"attributes":{"occluded":false,"rotation":0.0}},{"id":2,"image_id":2,"category_id":5,"segmentation":[[165.46,22.86,165.46,416.37,833.33,413.96,838.15,22.86]],"area":263067.0,"bbox":[165.46,22.86,672.69,393.51],"iscrowd":0,"attributes":{"occluded":false}},{"id":3,"image_id":3,"category_id":5,"segmentation":[[230.79,236.19,226.26,569.2,865.15,557.44,867.86,193.66]],"area":222185.0,"bbox":[226.26,193.66,641.6,375.54],"iscrowd":0,"attributes":{"occluded":false}},{"id":4,"image_id":4,"category_id":5,"segmentation":[[418.58,195.62,417.81,261.08,522.55,261.85,521.01,196.39]],"area":6774.0,"bbox":[417.81,195.62,104.74,66.23],"iscrowd":0,"attributes":{"occluded":false}},{"id":5,"image_id":5,"category_id":5,"segmentation":[[21.18,135.55,48.91,402.79,562.6,517.54,605.73,176.37,629.6,131.7,230.66,112.44]],"area":187802.0,"bbox":[21.18,112.44,608.42,405.1],"iscrowd":0,"attributes":{"occluded":false}},{"id":6,"image_id":6,"category_id":5,"segmentation":[[1.74,220.55,900.83,390.04,957.77,367.53,977.63,382.1,992.19,382.1,1000.14,3.39,1.74,0.75]],"area":308462.0,"bbox":[1.74,0.75,998.4,389.29],"iscrowd":0,"attributes":{"occluded":false}},{"id":7,"image_id":7,"category_id":5,"segmentation":[[259.79,3.61,247.51,264.98,730.54,316.25,748.59,307.58,744.26,44.77,543.54,0.0]],"area":138559.0,"bbox":[247.51,0.0,501.08,316.25],"iscrowd":0,"attributes":{"occluded":false}},{"id":8,"image_id":8,"category_id":5,"segmentation":[[753.79,235.23,748.59,414.58,1090.4,430.18,1099.49,240.43]],"area":63525.0,"bbox":[748.59,235.23,350.9,194.95],"iscrowd":0,"attributes":{"occluded":false}},{"id":9,"image_id":9,"category_id":5,"segmentation":[[167.63,375.69,145.73,817.09,469.19,940.07,1181.83,744.64,1185.2,678.94,925.75,552.59,913.96,84.24,846.57,65.7]],"area":555363.0,"bbox":[145.73,65.7,1039.47,874.37],"iscrowd":0,"attributes":{"occluded":false}},{"id":10,"image_id":10,"category_id":5,"segmentation":[[41.43,140.43,43.3,259.8,240.84,265.42,273.61,247.63,272.67,139.03]],"area":28167.0,"bbox":[41.43,139.03,232.18,126.39],"iscrowd":0,"attributes":{"occluded":false}},{"id":11,"image_id":11,"category_id":5,"segmentation":[[1422.68,3.61,1419.07,290.01,1277.08,648.62,1254.21,660.65,230.14,525.87,2.71,542.72,2.71,2.41,819.79,0.0]],"area":808859.0,"bbox":[2.71,0.0,1419.97,660.65],"iscrowd":0,"attributes":{"occluded":false}},{"id":12,"image_id":12,"category_id":5,"segmentation":[[398.77,376.61,796.18,196.39,3067.37,300.36,3092.78,1601.15,761.52,1658.92,382.6,1578.05]],"area":3695516.0,"bbox":[382.6,196.39,2710.18,1462.53],"iscrowd":0,"attributes":{"occluded":false}},{"id":13,"image_id":13,"category_id":6,"segmentation":[[576.06,90.04,549.0,93.0,534.0,98.0,531.0,97.0,529.0,99.0,532.0,106.0,530.0,108.0,536.0,116.0,533.0,122.0,536.0,129.0,534.0,130.0,571.0,125.0,578.0,126.0]],"area":1519.0,"bbox":[529.0,90.04,49.0,39.96],"iscrowd":0,"attributes":{"occluded":false}},{"id":14,"image_id":13,"category_id":5,"segmentation":[[168.0,75.67,167.52,281.62,464.47,259.59,463.03,34.48]],"area":63759.0,"bbox":[167.52,34.48,296.95,247.14],"iscrowd":0,"attributes":{"occluded":false}},{"id":15,"image_id":13,"category_id":6,"segmentation":[[94.72,251.92,156.99,249.05,157.47,284.01,92.81,285.45]],"area":2155.0,"bbox":[92.81,249.05,64.66,36.4],"iscrowd":0,"attributes":{"occluded":false}},{"id":16,"image_id":13,"category_id":6,"segmentation":[[531.0,215.0,535.0,217.0,529.0,222.0,534.0,225.0,530.0,228.0,534.0,231.0,533.0,233.0,535.0,235.0,530.0,237.0,534.0,240.0,528.0,244.0,532.0,242.0,546.0,252.0,576.0,249.0,579.0,246.0,579.0,219.0,581.0,212.0,578.0,207.0,550.0,210.0,542.0,209.0]],"area":1876.0,"bbox":[528.0,207.0,53.0,45.0],"iscrowd":0,"attributes":{"occluded":false}},{"id":17,"image_id":14,"category_id":5,"segmentation":[[27.38,186.78,28.79,315.97,251.61,318.32,249.74,183.97,244.59,174.61,49.39,174.61]],"area":31488.0,"bbox":[27.38,174.61,224.23,143.71],"iscrowd":0,"attributes":{"occluded":false}},{"id":18,"image_id":15,"category_id":6,"segmentation":[[406.0,308.0,409.0,311.0,430.0,316.0,437.0,325.0,455.0,332.0,456.0,335.0,458.0,334.0,469.0,339.0,506.0,343.0,544.0,344.0,548.0,339.0,558.0,339.0,561.0,342.0,569.0,339.0,579.0,339.0,581.0,341.0,588.0,324.0,598.0,314.0,598.0,305.0,600.0,306.0,609.0,297.0,604.0,292.0,626.0,279.0,637.0,280.0,646.0,288.0,649.0,299.0,646.0,301.0,641.0,317.0,644.0,320.0,672.0,317.0,695.0,318.0,720.0,313.0,726.0,315.0,735.0,314.0,737.0,316.0,741.0,314.0,745.0,320.0,757.0,309.0,776.0,304.0,780.0,297.0,778.0,295.0,766.0,299.0,741.0,299.0,735.0,297.0,727.0,303.0,693.0,303.0,688.0,306.0,678.0,306.0,675.0,304.0,671.0,308.0,648.0,309.0,645.0,306.0,646.0,301.0,649.0,299.0,646.0,288.0,637.0,280.0,626.0,279.0,604.0,292.0,609.0,297.0,600.0,306.0,593.0,303.0,559.0,308.0,547.0,308.0,542.0,305.0,536.0,305.0,533.0,311.0,521.0,310.0,519.0,313.0,510.0,314.0,512.0,312.0,511.0,310.0,471.0,310.0,436.0,307.0,438.0,294.0,432.0,293.0,412.0,298.0,409.0,294.0]],"area":6949.0,"bbox":[406.0,279.0,374.0,65.0],"iscrowd":0,"attributes":{"occluded":false}},{"id":19,"image_id":15,"category_id":5,"segmentation":[[53.76,29.48,53.76,48.01,111.88,85.08,109.35,99.4,145.57,111.19,164.11,128.88,204.54,195.43,213.8,226.59,242.45,246.81,243.29,306.62,239.92,320.1,264.35,370.64,265.19,395.91,243.29,404.33,214.65,405.17,190.22,426.23,501.89,407.7,508.63,416.12,918.02,534.9,932.34,6.74,661.94,0.0,508.0,50.0,510.0,55.0,506.0,63.0]],"area":307890.0,"bbox":[53.76,0.0,878.58,534.9],"iscrowd":0,"attributes":{"occluded":false}},{"id":20,"image_id":16,"category_id":6,"segmentation":[[416.0,186.0,416.0,180.0,418.0,178.0,436.0,179.0,437.0,181.0,465.0,180.0,464.0,190.0,420.41,188.45]],"area":456.0,"bbox":[416.0,178.0,49.0,12.0],"iscrowd":0,"attributes":{"occluded":false}},{"id":21,"image_id":16,"category_id":6,"segmentation":[[858.0,153.0,868.92,151.7,867.0,150.0,869.0,148.0,875.0,148.0,879.0,144.0,883.0,144.0,886.0,140.0,893.0,140.0,893.0,137.0,896.0,137.0,896.0,123.0,861.0,121.0,858.0,124.0,861.0,126.0,861.0,150.0]],"area":821.0,"bbox":[858.0,121.0,38.0,32.0],"iscrowd":0,"attributes":{"occluded":false}},{"id":22,"image_id":16,"category_id":5,"segmentation":[[1050.0,88.6,976.33,90.46,969.74,196.93,1047.0,191.27]],"area":7871.0,"bbox":[969.74,88.6,80.26,108.33],"iscrowd":0,"attributes":{"occluded":false}},{"id":23,"image_id":17,"category_id":5,"segmentation":[[557.89,164.31,558.6,236.23,702.45,232.0,701.04,162.9]],"area":10113.0,"bbox":[557.89,162.9,144.56,73.33],"iscrowd":0,"attributes":{"occluded":false}},{"id":24,"image_id":18,"category_id":5,"segmentation":[[335.16,593.15,2185.47,934.34,2555.53,787.37,2550.28,10.5,652.73,5.25,665.86,419.93,720.97,454.05,366.66,519.66]],"area":1551607.0,"bbox":[335.16,5.25,2220.37,929.09],"iscrowd":0,"attributes":{"occluded":false}},{"id":25,"image_id":19,"category_id":5,"segmentation":[[604.63,197.13,604.63,267.46,744.12,269.76,743.54,196.56]],"area":9955.0,"bbox":[604.63,196.56,139.49,73.2],"iscrowd":0,"attributes":{"occluded":false}},{"id":26,"image_id":19,"category_id":6,"segmentation":[[1.0,438.0,3.0,436.0,79.0,433.0,110.0,427.0,117.0,428.0,119.0,426.0,123.0,429.0,114.0,433.0,102.0,431.0,96.0,438.0]],"area":500.0,"bbox":[1.0,426.0,122.0,12.0],"iscrowd":0,"attributes":{"occluded":false}},{"id":27,"image_id":20,"category_id":5,"segmentation":[[0.0,18.3,261.91,0.47,264.72,253.25,0.7,333.76]],"area":74807.0,"bbox":[0.0,0.47,264.72,333.29],"iscrowd":0,"attributes":{"occluded":false}},{"id":28,"image_id":21,"category_id":5,"segmentation":[[48.34,3.65,463.17,4.65,465.83,237.47,75.25,242.79,73.25,108.94,47.01,106.28]],"area":94872.0,"bbox":[47.01,3.65,418.82,239.14],"iscrowd":0,"attributes":{"occluded":false}},{"id":29,"image_id":22,"category_id":5,"segmentation":[[36.28,106.73,36.75,301.0,60.15,303.34,99.94,269.63,353.66,268.23,355.53,104.86,88.71,104.86]],"area":53568.0,"bbox":[36.28,104.86,319.25,198.48],"iscrowd":0,"attributes":{"occluded":false}},{"id":30,"image_id":23,"category_id":5,"segmentation":[[2.01,75.84,0.19,300.81,72.75,227.52,385.59,242.47,390.33,55.79,328.71,94.07,317.41,83.86,301.36,95.9,290.43,133.82,249.59,143.3,245.94,125.07,257.61,78.03,296.26,47.4,80.04,48.13]],"area":66998.0,"bbox":[0.19,47.4,390.14,253.41],"iscrowd":0,"attributes":{"occluded":false}},{"id":31,"image_id":24,"category_id":5,"segmentation":[[32.04,169.39,32.77,453.66,574.07,456.61,578.49,174.54,516.63,140.66,85.8,140.66]],"area":169124.0,"bbox":[32.04,140.66,546.45,315.95],"iscrowd":0,"attributes":{"occluded":false}},{"id":32,"image_id":25,"category_id":5,"segmentation":[[73.25,129.96,87.21,236.34,124.28,270.04,130.54,310.95,157.97,325.87,164.71,347.05,187.33,344.64,221.03,198.8,226.32,195.91,316.34,235.86,354.84,196.39,366.4,194.95,365.92,211.79,356.29,235.86,367.36,243.56,376.99,233.45,386.13,262.33,446.78,287.85,447.26,311.43,541.12,358.12,647.98,273.89,648.95,2.41,157.97,1.93,100.21,80.38,119.46,98.68,111.28,111.19,86.25,113.6]],"area":153000.0,"bbox":[73.25,1.93,575.7,356.19],"iscrowd":0,"attributes":{"occluded":false}},{"id":33,"image_id":26,"category_id":5,"segmentation":[[172.56,53.62,182.16,223.27,479.85,222.47,482.25,56.02]],"area":51012.0,"bbox":[172.56,53.62,309.69,169.65],"iscrowd":0,"attributes":{"occluded":false}},{"id":34,"image_id":28,"category_id":5,"segmentation":[[99.12,69.27,97.43,144.88,100.39,293.56,187.82,340.86,207.67,339.17,208.94,306.65,534.6,297.78,532.91,63.36,208.52,63.36,209.78,28.72,185.29,27.88]],"area":108219.0,"bbox":[97.43,27.88,437.17,312.98],"iscrowd":0,"attributes":{"occluded":false}},{"id":35,"image_id":29,"category_id":5,"segmentation":[[349.57,540.65,349.57,879.52,1002.66,877.98,1004.2,525.25,978.01,511.38,366.51,514.46]],"area":238690.0,"bbox":[349.57,511.38,654.63,368.14],"iscrowd":0,"attributes":{"occluded":false}},{"id":36,"image_id":30,"category_id":5,"segmentation":[[359.17,289.77,359.17,490.25,719.7,495.31,721.38,274.61]],"area":76135.0,"bbox":[359.17,274.61,362.21,220.7],"iscrowd":0,"attributes":{"occluded":false}},{"id":37,"image_id":31,"category_id":7,"segmentation":[[504.98,79.72,503.47,545.28,744.15,544.52,742.64,78.97]],"area":111372.0,"bbox":[503.47,78.97,240.68,466.31],"iscrowd":0,"attributes":{"occluded":false}},{"id":38,"image_id":31,"category_id":5,"segmentation":[[84.55,71.45,82.3,178.25,281.6,180.51,277.09,69.19]],"area":21362.0,"bbox":[82.3,69.19,199.3,111.32],"iscrowd":0,"attributes":{"occluded":false}},{"id":39,"image_id":32,"category_id":5,"segmentation":[[259.34,1669.08,259.34,3592.44,3897.42,3820.63,5155.75,3683.72,5149.23,1636.48,3969.14,1480.01,337.58,1558.25]],"area":10707604.0,"bbox":[259.34,1480.01,4896.41,2340.62],"iscrowd":0,"attributes":{"occluded":false}},{"id":40,"image_id":33,"category_id":5,"segmentation":[[159.66,102.4,289.14,46.91,328.12,44.92,328.12,97.78,829.56,94.47,833.52,463.12,704.03,467.08,330.1,455.85,328.12,528.52,283.2,534.47,153.71,453.87]],"area":259180.0,"bbox":[153.71,44.92,679.81,489.55],"iscrowd":0,"attributes":{"occluded":false}},{"id":41,"image_id":34,"category_id":5,"segmentation":[[278.88,427.8,273.47,1106.5,1188.63,1187.73,1195.85,370.04]],"area":685589.0,"bbox":[273.47,370.04,922.38,817.69],"iscrowd":0,"attributes":{"occluded":false}},{"id":42,"image_id":35,"category_id":5,"segmentation":[[87.73,506.86,190.25,457.76,189.53,399.28,87.73,425.99]],"area":7114.0,"bbox":[87.73,399.28,102.52,107.58],"iscrowd":0,"attributes":{"occluded":false}},{"id":43,"image_id":36,"category_id":5,"segmentation":[[141.88,135.65,138.63,553.16,266.16,582.4,1086.55,559.66,1083.3,108.84,279.96,64.98]],"area":455044.0,"bbox":[138.63,64.98,947.92,517.42],"iscrowd":0,"attributes":{"occluded":false}},{"id":44,"image_id":37,"category_id":5,"segmentation":[[480.51,228.16,480.51,291.7,585.92,288.81,585.92,222.38]],"area":6824.0,"bbox":[480.51,222.38,105.41,69.32],"iscrowd":0,"attributes":{"occluded":false}},{"id":45,"image_id":37,"category_id":7,"segmentation":[[104.33,249.82,15.52,243.32,19.13,455.6,57.4,450.54,63.9,428.88,107.94,430.33]],"area":17246.0,"bbox":[15.52,243.32,92.42,212.28],"iscrowd":0,"attributes":{"occluded":false}},{"id":46,"image_id":38,"category_id":5,"segmentation":[[74.19,23.32,73.74,240.53,492.15,240.07,491.69,23.78]],"area":90462.0,"bbox":[73.74,23.32,418.41,217.21],"iscrowd":0,"attributes":{"occluded":false}},{"id":47,"image_id":38,"category_id":4,"segmentation":[[12.06,375.89,16.8,354.09,15.85,344.6,34.82,303.83,74.64,304.78,83.18,311.42,86.02,378.74]],"area":4635.0,"bbox":[12.06,303.83,73.96,74.91],"iscrowd":0,"attributes":{"occluded":false}},{"id":48,"image_id":39,"category_id":5,"segmentation":[[32.33,87.72,33.07,202.23,29.03,229.03,34.9,248.84,50.32,252.15,158.96,217.65,323.75,227.19,323.75,233.06,374.4,231.96,372.57,86.62]],"area":48453.0,"bbox":[29.03,86.62,345.37,165.53],"iscrowd":0,"attributes":{"occluded":false}},{"id":49,"image_id":40,"category_id":5,"segmentation":[[1.75,225.46,387.75,232.47,390.38,462.31,294.76,505.3,6.14,507.05]],"area":104708.0,"bbox":[1.75,225.46,388.63,281.59],"iscrowd":0,"attributes":{"occluded":false}},{"id":50,"image_id":40,"category_id":5,"segmentation":[[437.75,231.6,436.0,467.58,501.79,515.83,889.54,549.16,964.98,535.13,965.86,237.74,886.03,222.82]],"area":159200.0,"bbox":[436.0,222.82,529.86,326.34],"iscrowd":0,"attributes":{"occluded":false}},{"id":51,"image_id":41,"category_id":5,"segmentation":[[204.22,326.9,202.0,419.56,383.61,434.39,435.5,416.6,436.24,318.75,270.94,316.52,207.19,320.97]],"area":25280.0,"bbox":[202.0,316.52,234.24,117.87],"iscrowd":0,"attributes":{"occluded":false}},{"id":52,"image_id":42,"category_id":5,"segmentation":[[116.2,343.49,119.28,979.64,1325.34,979.64,1331.5,345.03,1254.49,283.42,199.37,289.58]],"area":835331.0,"bbox":[116.2,283.42,1215.3,696.22],"iscrowd":0,"attributes":{"occluded":false}},{"id":53,"image_id":43,"category_id":5,"segmentation":[[495.67,231.05,496.39,315.52,598.92,315.52,598.2,235.38]],"area":8498.0,"bbox":[495.67,231.05,103.25,84.47],"iscrowd":0,"attributes":{"occluded":false}},{"id":54,"image_id":44,"category_id":5,"segmentation":[[137.09,165.52,136.67,235.86,203.64,252.71,204.9,165.1]],"area":5332.0,"bbox":[136.67,165.1,68.23,87.61],"iscrowd":0,"attributes":{"occluded":false}},{"id":55,"image_id":45,"category_id":5,"segmentation":[[68.58,107.67,70.45,268.23,336.81,265.42,335.87,105.79]],"area":42733.0,"bbox":[68.58,105.79,268.23,162.44],"iscrowd":0,"attributes":{"occluded":false}},{"id":56,"image_id":46,"category_id":5,"segmentation":[[419.56,284.58,422.25,98.75,823.53,94.26,822.63,327.67,802.88,339.34,568.58,329.46,504.84,291.76,515.62,259.44,542.55,258.54,554.22,219.04,564.09,221.74,555.11,188.52,553.32,141.84,515.62,114.01,492.27,112.21,442.0,145.43,428.54,220.84,447.39,243.28,442.9,272.91]],"area":72598.0,"bbox":[419.56,94.26,403.97,245.08],"iscrowd":0,"attributes":{"occluded":false}},{"id":57,"image_id":47,"category_id":5,"segmentation":[[30.42,519.08,32.73,168.66,613.43,164.81,618.82,522.94]],"area":207095.0,"bbox":[30.42,164.81,588.4,358.13],"iscrowd":0,"attributes":{"occluded":false}},{"id":58,"image_id":48,"category_id":5,"segmentation":[[566.44,70.58,565.52,265.52,914.02,266.44,912.18,71.49]],"area":67686.0,"bbox":[565.52,70.58,348.5,195.86],"iscrowd":0,"attributes":{"occluded":false}},{"id":59,"image_id":49,"category_id":5,"segmentation":[[435.65,553.67,441.03,1071.51,1052.04,813.48,1041.29,422.87]],"area":277908.0,"bbox":[435.65,422.87,616.39,648.64],"iscrowd":0,"attributes":{"occluded":false}},{"id":60,"image_id":50,"category_id":5,"segmentation":[[335.85,616.4,329.39,812.52,691.47,818.99,695.78,622.86]],"area":70867.0,"bbox":[329.39,616.4,366.39,202.59],"iscrowd":0,"attributes":{"occluded":false}},{"id":61,"image_id":51,"category_id":5,"segmentation":[[200.36,240.29,195.74,536.03,662.45,588.4,853.45,543.73,862.69,317.3,258.89,201.78]],"area":202980.0,"bbox":[195.74,201.78,666.95,386.62],"iscrowd":0,"attributes":{"occluded":false}},{"id":62,"image_id":52,"category_id":5,"segmentation":[[351.08,525.27,352.89,956.68,1022.56,960.29,1020.76,518.05]],"area":292577.0,"bbox":[351.08,518.05,671.48,442.24],"iscrowd":0,"attributes":{"occluded":false}},{"id":63,"image_id":53,"category_id":5,"segmentation":[[72.56,159.57,63.18,349.46,200.36,403.61,505.78,314.08,386.64,251.26,379.42,33.21,363.54,30.33]],"area":95991.0,"bbox":[63.18,30.33,442.6,373.28],"iscrowd":0,"attributes":{"occluded":false}},{"id":64,"image_id":54,"category_id":5,"segmentation":[[526.18,242.74,526.18,865.98,1535.12,872.37,1531.29,223.58]],"area":640575.0,"bbox":[526.18,223.58,1008.94,648.79],"iscrowd":0,"attributes":{"occluded":false}},{"id":65,"image_id":54,"category_id":6,"segmentation":[[736.91,766.36,978.29,747.21,1034.48,721.66,1040.87,703.78,1020.43,688.46,975.73,679.52,916.99,673.13,928.48,687.18,954.02,699.95,956.58,717.83,929.76,736.99,740.74,749.76]],"area":8376.0,"bbox":[736.91,673.13,303.96,93.23],"iscrowd":0,"attributes":{"occluded":false}},{"id":66,"image_id":55,"category_id":5,"segmentation":[[500.36,680.14,503.25,1117.69,1023.11,1093.14,1025.99,697.47]],"area":217791.0,"bbox":[500.36,680.14,525.63,437.55],"iscrowd":0,"attributes":{"occluded":false}},{"id":67,"image_id":56,"category_id":5,"segmentation":[[209.08,496.39,218.11,1784.0,2245.79,1768.95,2248.8,475.33]],"area":2624751.0,"bbox":[209.08,475.33,2039.72,1308.67],"iscrowd":0,"attributes":{"occluded":false}},{"id":68,"image_id":57,"category_id":5,"segmentation":[[44.14,112.27,45.68,181.99,172.81,182.75,173.07,111.75]],"area":9018.0,"bbox":[44.14,111.75,128.93,71.0],"iscrowd":0,"attributes":{"occluded":false}},{"id":69,"image_id":58,"category_id":5,"segmentation":[[8.4,79.08,12.67,826.02,1492.67,828.16,1494.81,65.18,1275.75,5.34,206.09,5.34,28.7,57.7]],"area":1206935.0,"bbox":[8.4,5.34,1486.41,822.82],"iscrowd":0,"attributes":{"occluded":false}},{"id":70,"image_id":59,"category_id":5,"segmentation":[[293.43,11.55,285.34,956.54,556.82,955.38,1107.87,779.78,1092.85,250.69,419.35,1.16]],"area":640337.0,"bbox":[285.34,1.16,822.53,955.38],"iscrowd":0,"attributes":{"occluded":false}},{"id":71,"image_id":60,"category_id":5,"segmentation":[[132.64,78.34,133.06,172.68,215.19,171.42,217.72,88.87]],"area":7385.0,"bbox":[132.64,78.34,85.08,94.34],"iscrowd":0,"attributes":{"occluded":false}},{"id":72,"image_id":61,"category_id":5,"segmentation":[[217.16,11.79,213.79,259.45,257.59,313.36,678.77,306.62,709.1,256.08,704.04,1.68]],"area":147263.0,"bbox":[213.79,1.68,495.31,311.68],"iscrowd":0,"attributes":{"occluded":false}},{"id":73,"image_id":62,"category_id":5,"segmentation":[[234.48,44.44,233.88,214.97,531.72,240.79,552.74,233.59,548.53,27.02]],"area":61073.0,"bbox":[233.88,27.02,318.86,213.77],"iscrowd":0,"attributes":{"occluded":false}},{"id":74,"image_id":63,"category_id":5,"segmentation":[[244.55,74.4,245.66,499.22,965.1,504.74,961.79,69.98]],"area":308782.0,"bbox":[244.55,69.98,720.55,434.76],"iscrowd":0,"attributes":{"occluded":false}},{"id":75,"image_id":64,"category_id":5,"segmentation":[[81.16,122.17,112.35,358.7,464.98,313.65,452.85,101.37]],"area":81966.0,"bbox":[81.16,101.37,383.82,257.33],"iscrowd":0,"attributes":{"occluded":false}},{"id":76,"image_id":65,"category_id":5,"segmentation":[[191.51,372.91,193.11,561.77,431.58,505.75,428.38,354.51]],"area":40468.0,"bbox":[191.51,354.51,240.07,207.26],"iscrowd":0,"attributes":{"occluded":false}},{"id":77,"image_id":66,"category_id":5,"segmentation":[[173.15,18.0,183.21,254.68,582.97,317.69,600.97,310.28,627.97,16.94]],"area":117844.0,"bbox":[173.15,16.94,454.82,300.75],"iscrowd":0,"attributes":{"occluded":false}},{"id":78,"image_id":67,"category_id":5,"segmentation":[[796.82,1.73,1071.48,2.6,1069.75,172.42,798.56,175.02]],"area":46830.0,"bbox":[796.82,1.73,274.66,173.29],"iscrowd":0,"attributes":{"occluded":false}},{"id":79,"image_id":68,"category_id":5,"segmentation":[[648.24,91.32,648.24,117.29,673.31,140.56,669.73,165.63,670.62,192.49,665.25,214.87,654.51,222.04,646.45,235.47,649.14,270.38,897.14,287.39,930.26,284.71,934.74,57.3,890.87,55.51]],"area":57343.0,"bbox":[646.45,55.51,288.29,231.88],"iscrowd":0,"attributes":{"occluded":false}},{"id":80,"image_id":69,"category_id":5,"segmentation":[[551.72,452.99,550.19,869.85,1624.52,921.95,1639.85,423.87]],"area":494744.0,"bbox":[550.19,423.87,1089.66,498.08],"iscrowd":0,"attributes":{"occluded":false}},{"id":81,"image_id":70,"category_id":7,"segmentation":[[13.36,142.24,12.64,506.86,164.98,527.8,238.63,495.31,238.63,140.79,166.43,135.74]],"area":85113.0,"bbox":[12.64,135.74,225.99,392.06],"iscrowd":0,"attributes":{"occluded":false}},{"id":82,"image_id":70,"category_id":3,"segmentation":[[445.85,326.35,446.57,524.19,590.97,524.91,590.25,327.8]],"area":28534.0,"bbox":[445.85,326.35,145.12,198.56],"iscrowd":0,"attributes":{"occluded":false}},{"id":83,"image_id":70,"category_id":5,"segmentation":[[261.73,139.35,263.9,228.16,427.8,227.44,426.35,140.79]],"area":14408.0,"bbox":[261.73,139.35,166.07,88.81],"iscrowd":0,"attributes":{"occluded":false}},{"id":84,"image_id":71,"category_id":5,"segmentation":[[452.71,441.88,448.38,1258.48,1958.12,1247.65,1947.29,444.04]],"area":1216842.0,"bbox":[448.38,441.88,1509.74,816.6],"iscrowd":0,"attributes":{"occluded":false}},{"id":85,"image_id":72,"category_id":5,"segmentation":[[444.28,475.96,441.2,839.47,989.55,841.01,986.47,475.96]],"area":198627.0,"bbox":[441.2,475.96,548.35,365.05],"iscrowd":0,"attributes":{"occluded":false}},{"id":86,"image_id":73,"category_id":7,"segmentation":[],"area":87528.0096,"bbox":[11.91,142.24,227.44,384.84],"iscrowd":0,"attributes":{"occluded":false,"rotation":0.0}},{"id":87,"image_id":73,"category_id":5,"segmentation":[],"area":14372.894400000003,"bbox":[262.45,138.63,163.18,88.08],"iscrowd":0,"attributes":{"occluded":false,"rotation":0.0}},{"id":88,"image_id":73,"category_id":3,"segmentation":[],"area":27753.087999999996,"bbox":[447.29,324.91,140.8,197.11],"iscrowd":0,"attributes":{"occluded":false,"rotation":0.0}},{"id":89,"image_id":74,"category_id":5,"segmentation":[[314.14,174.06,314.14,503.68,904.08,509.84,901.0,180.22]],"area":193969.0,"bbox":[314.14,174.06,589.94,335.78],"iscrowd":0,"attributes":{"occluded":false}},{"id":90,"image_id":75,"category_id":7,"segmentation":[[320.0,175.75,316.32,570.23,462.53,593.22,459.77,171.15]],"area":58358.0,"bbox":[316.32,171.15,146.21,422.07],"iscrowd":0,"attributes":{"occluded":false}},{"id":91,"image_id":75,"category_id":3,"segmentation":[[903.91,418.51,902.07,651.15,1105.29,696.21,1104.37,431.38]],"area":50221.0,"bbox":[902.07,418.51,203.22,277.7],"iscrowd":0,"attributes":{"occluded":false}},{"id":92,"image_id":75,"category_id":5,"segmentation":[[1105.29,197.82,1107.13,375.29,1381.15,388.16,1378.39,198.74]],"area":50165.0,"bbox":[1105.29,197.82,275.86,190.34],"iscrowd":0,"attributes":{"occluded":false}},{"id":93,"image_id":76,"category_id":5,"segmentation":[[231.42,21.62,244.44,574.88,1154.02,582.54,1130.27,0.93,295.79,2.46]],"area":521170.0,"bbox":[231.42,0.93,922.6,581.61],"iscrowd":0,"attributes":{"occluded":false}},{"id":94,"image_id":77,"category_id":5,"segmentation":[[357.09,77.63,363.98,398.7,681.23,464.6,718.77,461.54,711.88,423.22,931.8,444.68,1064.37,390.27,1065.13,74.56,918.77,39.31,708.81,57.71,708.81,37.78,672.8,38.55]],"area":265660.0,"bbox":[357.09,37.78,708.04,426.82],"iscrowd":0,"attributes":{"occluded":false}},{"id":95,"image_id":78,"category_id":5,"segmentation":[[3.41,378.28,6.82,2491.21,368.06,2395.78,415.77,2320.81,3762.37,2331.03,3748.74,497.56,422.58,494.15]],"area":6932520.0,"bbox":[3.41,378.28,3758.96,2112.93],"iscrowd":0,"attributes":{"occluded":false}},{"id":96,"image_id":78,"category_id":6,"segmentation":[[961.0,1905.0,984.0,1912.0,998.0,1927.0,1003.0,1927.0,1015.0,1938.0,1022.0,1938.0,1030.0,1945.0,1037.0,1946.0,1050.0,1958.0,1063.0,1966.0,1087.0,1990.0,1088.0,2008.0,1096.0,2017.0,1096.0,2021.0,1099.0,2024.0,1141.0,2024.0,1151.0,2034.0,1939.12,2031.13,1948.0,2027.0,1974.0,2001.0,1978.0,2001.0,1994.0,1988.0,2002.0,1987.0,2009.0,1982.0,2038.0,1952.0,2044.0,1949.0,2047.0,1951.0,2049.0,1949.0,2056.0,1949.0,2061.0,1944.0,2066.0,1944.0,2076.0,1938.0,2119.0,1934.0,2124.0,1939.0,2133.0,1942.0,2138.0,1932.0,2137.0,1930.0,2147.0,1917.0,2146.0,1909.0,2154.0,1902.0,2160.0,1902.0,2164.0,1898.0,2158.0,1898.0,2147.0,1908.0,2141.0,1902.0,2135.0,1900.0,2117.0,1900.0,2114.0,1897.0,2034.0,1891.0,1649.44,1925.49,1100.77,1925.49,1093.0,1918.0,1064.0,1918.0,1058.0,1920.0,1046.0,1910.0,1025.0,1910.0,1022.0,1913.0,1003.0,1912.0,996.0,1909.0,968.0,1908.0]],"area":112890.0,"bbox":[961.0,1891.0,1203.0,143.0],"iscrowd":0,"attributes":{"occluded":false}},{"id":97,"image_id":79,"category_id":5,"segmentation":[[1832.63,1378.72,1830.22,1764.38,2015.81,2000.59,2305.06,1995.77,2302.65,1752.32]],"area":183199.0,"bbox":[1830.22,1378.72,474.84,621.87],"iscrowd":0,"attributes":{"occluded":false}},{"id":98,"image_id":80,"category_id":5,"segmentation":[[724.43,556.44,734.05,1130.21,1590.85,1130.21,1600.48,546.81]],"area":501124.0,"bbox":[724.43,546.81,876.05,583.4],"iscrowd":0,"attributes":{"occluded":false}},{"id":99,"image_id":81,"category_id":5,"segmentation":[[148.54,201.17,151.18,615.8,174.02,620.19,206.52,577.15,232.88,578.91,337.41,426.05,947.94,428.69,947.94,102.78,286.46,103.66]],"area":274028.0,"bbox":[148.54,102.78,799.4,517.41],"iscrowd":0,"attributes":{"occluded":false}},{"id":100,"image_id":82,"category_id":5,"segmentation":[[7.94,854.87,91.7,954.51,904.69,791.34,924.91,361.01,600.0,306.14,3.61,342.24]],"area":497975.0,"bbox":[3.61,306.14,921.3,648.37],"iscrowd":0,"attributes":{"occluded":false}},{"id":101,"image_id":83,"category_id":5,"segmentation":[],"area":42671.75529999999,"bbox":[109.41,221.75,279.43,152.71],"iscrowd":0,"attributes":{"occluded":false,"rotation":0.0}},{"id":102,"image_id":83,"category_id":5,"segmentation":[],"area":98983.69779999998,"bbox":[703.19,374.46,432.13,229.06],"iscrowd":0,"attributes":{"occluded":false,"rotation":0.0}},{"id":103,"image_id":83,"category_id":5,"segmentation":[],"area":62597.71800000001,"bbox":[419.7,135.65,326.54,191.7],"iscrowd":0,"attributes":{"occluded":false,"rotation":0.0}},{"id":104,"image_id":83,"category_id":5,"segmentation":[],"area":45416.7486,"bbox":[63.11,381.77,286.74,158.39],"iscrowd":0,"attributes":{"occluded":false,"rotation":0.0}},{"id":105,"image_id":84,"category_id":5,"segmentation":[],"area":91823.24999999999,"bbox":[6.47,89.99,384.6,238.75],"iscrowd":0,"attributes":{"occluded":false,"rotation":0.0}},{"id":106,"image_id":85,"category_id":5,"segmentation":[],"area":9585.497599999997,"bbox":[422.49,164.33,133.28,71.92],"iscrowd":0,"attributes":{"occluded":false,"rotation":0.0}},{"id":107,"image_id":86,"category_id":5,"segmentation":[[494.1,1035.86,486.4,1361.25,507.58,1374.73,811.79,1211.07,806.02,947.29]],"area":97525.0,"bbox":[486.4,947.29,325.39,427.44],"iscrowd":0,"attributes":{"occluded":false}},{"id":108,"image_id":87,"category_id":5,"segmentation":[[177.62,192.51,206.86,432.13,296.21,552.35,786.82,454.87,798.2,189.26,615.43,154.33]],"area":196496.0,"bbox":[177.62,154.33,620.58,398.02],"iscrowd":0,"attributes":{"occluded":false}},{"id":109,"image_id":88,"category_id":5,"segmentation":[[30.91,344.1,137.35,366.51,407.03,292.09,411.03,73.62,86.93,88.03,97.33,327.3]],"area":80997.0,"bbox":[30.91,73.62,380.12,292.89],"iscrowd":0,"attributes":{"occluded":false}},{"id":110,"image_id":89,"category_id":5,"segmentation":[],"area":226598.7303,"bbox":[2.11,55.15,468.77,483.39],"iscrowd":0,"attributes":{"occluded":false,"rotation":0.0}},{"id":111,"image_id":90,"category_id":5,"segmentation":[],"area":3687826.9924999992,"bbox":[295.53,180.61,2621.15,1406.95],"iscrowd":0,"attributes":{"occluded":false,"rotation":0.0}},{"id":112,"image_id":91,"category_id":5,"segmentation":[],"area":50804.36000000001,"bbox":[290.19,19.1,304.4,166.9],"iscrowd":0,"attributes":{"occluded":false,"rotation":0.0}},{"id":113,"image_id":92,"category_id":5,"segmentation":[[166.32,360.9,170.42,634.3,596.93,637.04,703.56,627.47,703.56,326.72,581.89,295.28]],"area":166543.0,"bbox":[166.32,295.28,537.24,341.76],"iscrowd":0,"attributes":{"occluded":false}},{"id":114,"image_id":93,"category_id":5,"segmentation":[],"area":103860.7045,"bbox":[83.68,0.0,465.43,223.15],"iscrowd":0,"attributes":{"occluded":false,"rotation":0.0}},{"id":115,"image_id":94,"category_id":5,"segmentation":[],"area":3512884.9209999996,"bbox":[49.69,499.45,2397.71,1465.1],"iscrowd":0,"attributes":{"occluded":false,"rotation":0.0}},{"id":116,"image_id":95,"category_id":5,"segmentation":[],"area":222644.76539999995,"bbox":[502.14,242.75,579.94,383.91],"iscrowd":0,"attributes":{"occluded":false,"rotation":0.0}},{"id":117,"image_id":96,"category_id":5,"segmentation":[],"area":1286652.6400000004,"bbox":[68.33,273.38,1488.32,864.5],"iscrowd":0,"attributes":{"occluded":false,"rotation":0.0}},{"id":118,"image_id":97,"category_id":5,"segmentation":[[166.99,226.64,330.38,194.14,933.89,234.55,940.04,590.33,326.87,617.56,166.11,610.53]],"area":302352.0,"bbox":[166.11,194.14,773.93,423.42],"iscrowd":0,"attributes":{"occluded":false}}]}