{"licenses":[{"name":"","id":0,"url":""}],"info":{"contributor":"","date_created":"","description":"","url":"","version":"","year":""},"categories":[{"id":1,"name":"blender","supercategory":""},{"id":2,"name":"coffee mug","supercategory":""},{"id":3,"name":"dishwasher","supercategory":""},{"id":4,"name":"knife","supercategory":""},{"id":5,"name":"microwave","supercategory":""},{"id":6,"name":"plate","supercategory":""},{"id":7,"name":"refrigerator","supercategory":""},{"id":8,"name":"skillet","supercategory":""},{"id":9,"name":"spatula","supercategory":""},{"id":10,"name":"toaster","supercategory":""}],"images":[{"id":1,"width":640,"height":360,"file_name":"blender_0.jpg","license":0,"flickr_url":"","coco_url":"","date_captured":0},{"id":2,"width":800,"height":500,"file_name":"blender_1.jpg","license":0,"flickr_url":"","coco_url":"","date_captured":0},{"id":3,"width":1200,"height":675,"file_name":"blender_10.jpg","license":0,"flickr_url":"","coco_url":"","date_captured":0},{"id":4,"width":378,"height":800,"file_name":"blender_12.jpg","license":0,"flickr_url":"","coco_url":"","date_captured":0},{"id":5,"width":1600,"height":2400,"file_name":"blender_13.jpg","license":0,"flickr_url":"","coco_url":"","date_captured":0},{"id":6,"width":600,"height":600,"file_name":"blender_14.jpg","license":0,"flickr_url":"","coco_url":"","date_captured":0},{"id":7,"width":1500,"height":1125,"file_name":"blender_15.jpg","license":0,"flickr_url":"","coco_url":"","date_captured":0},{"id":8,"width":1024,"height":683,"file_name":"blender_16.jpg","license":0,"flickr_url":"","coco_url":"","date_captured":0},{"id":9,"width":1125,"height":900,"file_name":"blender_18.jpg","license":0,"flickr_url":"","coco_url":"","date_captured":0},{"id":10,"width":1500,"height":749,"file_name":"blender_2.jpg","license":0,"flickr_url":"","coco_url":"","date_captured":0},{"id":11,"width":800,"height":800,"file_name":"blender_20.jpg","license":0,"flickr_url":"","coco_url":"","date_captured":0},{"id":12,"width":640,"height":479,"file_name":"blender_22.jpg","license":0,"flickr_url":"","coco_url":"","date_captured":0},{"id":13,"width":2000,"height":2000,"file_name":"blender_23.jpg","license":0,"flickr_url":"","coco_url":"","date_captured":0},{"id":14,"width":1200,"height":675,"file_name":"blender_25.jpg","license":0,"flickr_url":"","coco_url":"","date_captured":0},{"id":15,"width":500,"height":500,"file_name":"blender_26.jpg","license":0,"flickr_url":"","coco_url":"","date_captured":0},{"id":16,"width":600,"height":600,"file_name":"blender_29.jpg","license":0,"flickr_url":"","coco_url":"","date_captured":0},{"id":17,"width":1500,"height":999,"file_name":"blender_3.jpg","license":0,"flickr_url":"","coco_url":"","date_captured":0},{"id":18,"width":2500,"height":2500,"file_name":"blender_30.jpg","license":0,"flickr_url":"","coco_url":"","date_captured":0},{"id":19,"width":371,"height":465,"file_name":"blender_31.jpg","license":0,"flickr_url":"","coco_url":"","date_captured":0},{"id":20,"width":1280,"height":1280,"file_name":"blender_33.jpg","license":0,"flickr_url":"","coco_url":"","date_captured":0},{"id":21,"width":300,"height":300,"file_name":"blender_34.jpg","license":0,"flickr_url":"","coco_url":"","date_captured":0},{"id":22,"width":612,"height":612,"file_name":"blender_35.jpg","license":0,"flickr_url":"","coco_url":"","date_captured":0},{"id":23,"width":2000,"height":2000,"file_name":"blender_36.jpg","license":0,"flickr_url":"","coco_url":"","date_captured":0},{"id":24,"width":2048,"height":1365,"file_name":"blender_37.jpg","license":0,"flickr_url":"","coco_url":"","date_captured":0},{"id":25,"width":612,"height":612,"file_name":"blender_38.jpg","license":0,"flickr_url":"","coco_url":"","date_captured":0},{"id":26,"width":1200,"height":1200,"file_name":"blender_39.jpg","license":0,"flickr_url":"","coco_url":"","date_captured":0},{"id":27,"width":4816,"height":2709,"file_name":"blender_4.jpg","license":0,"flickr_url":"","coco_url":"","date_captured":0},{"id":28,"width":600,"height":600,"file_name":"blender_40.jpg","license":0,"flickr_url":"","coco_url":"","date_captured":0},{"id":29,"width":1381,"height":1500,"file_name":"blender_41.jpg","license":0,"flickr_url":"","coco_url":"","date_captured":0},{"id":30,"width":1500,"height":1500,"file_name":"blender_42.jpg","license":0,"flickr_url":"","coco_url":"","date_captured":0},{"id":31,"width":1500,"height":1500,"file_name":"blender_44.jpg","license":0,"flickr_url":"","coco_url":"","date_captured":0},{"id":32,"width":1500,"height":1500,"file_name":"blender_45.jpg","license":0,"flickr_url":"","coco_url":"","date_captured":0},{"id":33,"width":348,"height":466,"file_name":"blender_46.jpg","license":0,"flickr_url":"","coco_url":"","date_captured":0},{"id":34,"width":320,"height":320,"file_name":"blender_47.jpg","license":0,"flickr_url":"","coco_url":"","date_captured":0},{"id":35,"width":600,"height":600,"file_name":"blender_48.jpg","license":0,"flickr_url":"","coco_url":"","date_captured":0},{"id":36,"width":1651,"height":2616,"file_name":"blender_49.jpg","license":0,"flickr_url":"","coco_url":"","date_captured":0},{"id":37,"width":1200,"height":744,"file_name":"blender_5.jpg","license":0,"flickr_url":"","coco_url":"","date_captured":0},{"id":38,"width":1280,"height":1280,"file_name":"blender_50.jpg","license":0,"flickr_url":"","coco_url":"","date_captured":0},{"id":39,"width":1200,"height":600,"file_name":"blender_51.jpg","license":0,"flickr_url":"","coco_url":"","date_captured":0},{"id":40,"width":1280,"height":720,"file_name":"blender_52.jpg","license":0,"flickr_url":"","coco_url":"","date_captured":0},{"id":41,"width":1500,"height":1500,"file_name":"blender_53.jpg","license":0,"flickr_url":"","coco_url":"","date_captured":0},{"id":42,"width":1165,"height":1500,"file_name":"blender_54.jpg","license":0,"flickr_url":"","coco_url":"","date_captured":0},{"id":43,"width":6956,"height":3478,"file_name":"blender_57.jpg","license":0,"flickr_url":"","coco_url":"","date_captured":0},{"id":44,"width":600,"height":279,"file_name":"blender_58.jpg","license":0,"flickr_url":"","coco_url":"","date_captured":0},{"id":45,"width":640,"height":640,"file_name":"blender_59.jpg","license":0,"flickr_url":"","coco_url":"","date_captured":0},{"id":46,"width":1000,"height":1000,"file_name":"blender_6.jpg","license":0,"flickr_url":"","coco_url":"","date_captured":0},{"id":47,"width":1090,"height":570,"file_name":"blender_60.jpg","license":0,"flickr_url":"","coco_url":"","date_captured":0},{"id":48,"width":460,"height":460,"file_name":"blender_61.jpg","license":0,"flickr_url":"","coco_url":"","date_captured":0},{"id":49,"width":2560,"height":1440,"file_name":"blender_62.jpg","license":0,"flickr_url":"","coco_url":"","date_captured":0},{"id":50,"width":2000,"height":2000,"file_name":"blender_63.jpg","license":0,"flickr_url":"","coco_url":"","date_captured":0},{"id":51,"width":2800,"height":878,"file_name":"blender_64.jpg","license":0,"flickr_url":"","coco_url":"","date_captured":0},{"id":52,"width":2560,"height":2560,"file_name":"blender_65.jpg","license":0,"flickr_url":"","coco_url":"","date_captured":0},{"id":53,"width":600,"height":600,"file_name":"blender_66.jpg","license":0,"flickr_url":"","coco_url":"","date_captured":0},{"id":54,"width":612,"height":612,"file_name":"blender_67.jpg","license":0,"flickr_url":"","coco_url":"","date_captured":0},{"id":55,"width":1280,"height":1280,"file_name":"blender_68.jpg","license":0,"flickr_url":"","coco_url":"","date_captured":0},{"id":56,"width":612,"height":612,"file_name":"blender_69.jpg","license":0,"flickr_url":"","coco_url":"","date_captured":0},{"id":57,"width":1500,"height":1114,"file_name":"blender_7.jpg","license":0,"flickr_url":"","coco_url":"","date_captured":0},{"id":58,"width":300,"height":300,"file_name":"blender_70.jpg","license":0,"flickr_url":"","coco_url":"","date_captured":0},{"id":59,"width":1920,"height":1920,"file_name":"blender_71.jpg","license":0,"flickr_url":"","coco_url":"","date_captured":0},{"id":60,"width":600,"height":900,"file_name":"blender_72.jpg","license":0,"flickr_url":"","coco_url":"","date_captured":0},{"id":61,"width":300,"height":300,"file_name":"blender_73.jpg","license":0,"flickr_url":"","coco_url":"","date_captured":0},{"id":62,"width":600,"height":600,"file_name":"blender_74.jpg","license":0,"flickr_url":"","coco_url":"","date_captured":0},{"id":63,"width":1632,"height":1296,"file_name":"blender_75.jpg","license":0,"flickr_url":"","coco_url":"","date_captured":0},{"id":64,"width":3499,"height":1968,"file_name":"blender_77.jpg","license":0,"flickr_url":"","coco_url":"","date_captured":0},{"id":65,"width":1152,"height":768,"file_name":"blender_78.jpg","license":0,"flickr_url":"","coco_url":"","date_captured":0},{"id":66,"width":480,"height":480,"file_name":"blender_79.jpg","license":0,"flickr_url":"","coco_url":"","date_captured":0},{"id":67,"width":331,"height":471,"file_name":"blender_80.jpg","license":0,"flickr_url":"","coco_url":"","date_captured":0},{"id":68,"width":326,"height":494,"file_name":"blender_81.jpg","license":0,"flickr_url":"","coco_url":"","date_captured":0},{"id":69,"width":426,"height":319,"file_name":"blender_82.jpg","license":0,"flickr_url":"","coco_url":"","date_captured":0},{"id":70,"width":480,"height":480,"file_name":"blender_84.jpg","license":0,"flickr_url":"","coco_url":"","date_captured":0},{"id":71,"width":616,"height":462,"file_name":"blender_85.jpg","license":0,"flickr_url":"","coco_url":"","date_captured":0},{"id":72,"width":1125,"height":900,"file_name":"blender_86.jpg","license":0,"flickr_url":"","coco_url":"","date_captured":0},{"id":73,"width":1070,"height":1070,"file_name":"blender_87.jpg","license":0,"flickr_url":"","coco_url":"","date_captured":0},{"id":74,"width":2000,"height":2000,"file_name":"blender_88.jpg","license":0,"flickr_url":"","coco_url":"","date_captured":0},{"id":75,"width":1000,"height":1000,"file_name":"blender_9.jpg","license":0,"flickr_url":"","coco_url":"","date_captured":0},{"id":76,"width":1649,"height":2329,"file_name":"blender_90.jpg","license":0,"flickr_url":"","coco_url":"","date_captured":0},{"id":77,"width":972,"height":547,"file_name":"blender_91.jpg","license":0,"flickr_url":"","coco_url":"","date_captured":0},{"id":78,"width":399,"height":266,"file_name":"blender_92.jpg","license":0,"flickr_url":"","coco_url":"","date_captured":0},{"id":79,"width":2560,"height":1440,"file_name":"blender_93.jpg","license":0,"flickr_url":"","coco_url":"","date_captured":0},{"id":80,"width":6957,"height":3913,"file_name":"blender_94.jpg","license":0,"flickr_url":"","coco_url":"","date_captured":0},{"id":81,"width":4528,"height":2547,"file_name":"blender_95.jpg","license":0,"flickr_url":"","coco_url":"","date_captured":0},{"id":82,"width":600,"height":600,"file_name":"blender_96.jpg","license":0,"flickr_url":"","coco_url":"","date_captured":0},{"id":83,"width":1125,"height":900,"file_name":"blender_97.jpg","license":0,"flickr_url":"","coco_url":"","date_captured":0},{"id":84,"width":1280,"height":1280,"file_name":"blender_99.jpg","license":0,"flickr_url":"","coco_url":"","date_captured":0}],"annotations":[{"id":1,"image_id":1,"category_id":1,"segmentation":[[373.0,10.0,345.0,11.0,335.0,19.0,340.0,21.0,342.0,104.0,335.0,109.0,312.0,108.0,296.0,118.0,301.0,144.0,297.0,216.0,312.0,234.0,303.0,279.0,307.0,276.0,314.0,284.0,314.0,314.0,306.0,334.0,315.0,353.0,402.0,353.0,402.0,343.0,416.0,343.0,420.0,337.0,412.0,298.0,417.0,290.0,415.0,268.0,402.0,227.0,431.0,211.0,430.0,204.0,404.0,184.0,401.0,159.0,393.0,147.0,402.0,138.0,398.0,128.0,403.0,116.0,439.0,112.0,429.0,105.0,392.0,102.0,389.0,33.0,402.0,18.0,399.0,22.0]],"area":30898.0,"bbox":[296.0,10.0,143.0,343.0],"iscrowd":0,"attributes":{"occluded":false}},{"id":2,"image_id":2,"category_id":1,"segmentation":[[575.56,13.47,540.91,12.03,507.69,14.91,506.97,25.74,441.27,48.13,439.1,61.85,447.04,66.18,475.2,282.06,470.15,358.6,434.77,375.92,418.89,451.74,424.66,471.95,440.55,482.06,599.39,489.28,635.49,460.4,636.21,445.96,630.44,436.58,630.44,369.43,608.78,352.1,605.89,235.13,649.2,220.0,668.71,179.54,663.65,81.34,613.11,78.45,616.0,55.35,625.38,45.24,615.28,35.85,575.56,27.19]],"area":82453.0,"bbox":[418.89,12.03,249.82,477.25],"iscrowd":0,"attributes":{"occluded":false}},{"id":3,"image_id":3,"category_id":1,"segmentation":[[1019.13,96.66,918.41,110.47,915.16,128.34,919.22,136.46,942.78,333.03,932.22,365.52,921.66,367.15,891.61,534.48,900.54,558.03,911.1,567.78,929.78,559.66,996.39,568.59,1000.45,575.9,1037.0,575.9,1035.38,565.34,1071.93,549.1,1093.05,553.97,1101.17,524.73,1074.37,375.27,1063.81,372.83,1058.12,324.91,1109.3,289.98,1110.92,192.51,1103.61,179.51,1072.74,172.2,1080.05,121.84]],"area":77716.0,"bbox":[891.61,96.66,219.31,479.24],"iscrowd":0,"attributes":{"occluded":false}},{"id":4,"image_id":3,"category_id":1,"segmentation":[[694.22,125.09,525.27,122.65,500.09,134.84,515.52,201.44,520.4,358.21,511.46,419.95,492.78,423.2,483.84,516.61,493.59,522.29,481.41,546.66,708.84,544.22,697.47,521.48,706.41,519.86,701.53,427.26,678.79,421.57,673.92,368.77,721.03,341.16,725.09,157.58,697.47,140.52]],"area":84734.0,"bbox":[481.41,122.65,243.68,424.01],"iscrowd":0,"attributes":{"occluded":false}},{"id":5,"image_id":3,"category_id":1,"segmentation":[[158.12,92.6,105.33,112.91,122.38,356.59,112.64,359.03,99.64,367.15,94.77,383.39,98.01,566.16,138.63,568.59,143.5,558.84,240.97,558.03,243.41,569.4,282.4,567.78,288.09,376.08,280.78,364.71,259.66,357.4,262.91,286.73,288.9,283.48,298.65,269.67,301.08,153.52,294.58,139.71,278.34,134.84,278.34,114.53,284.84,103.16,234.48,98.29,219.86,93.41]],"area":83143.0,"bbox":[94.77,92.6,206.31,476.8],"iscrowd":0,"attributes":{"occluded":false}},{"id":6,"image_id":4,"category_id":1,"segmentation":[[52.3,21.18,43.63,56.8,54.22,70.28,88.88,402.41,78.29,443.8,60.0,461.13,6.09,718.17,16.68,763.42,21.49,776.89,39.78,778.82,65.78,774.01,182.26,784.6,185.15,798.07,249.65,799.04,249.65,781.71,314.15,757.64,341.11,757.64,352.66,712.39,344.96,701.8,337.25,591.09,303.56,461.13,291.05,454.39,281.42,393.74,281.42,375.45,369.99,323.47,371.91,165.58,352.66,139.59,309.34,127.08,311.26,76.05,325.7,71.24,320.9,42.4,232.3,0.0]],"area":215075.0,"bbox":[6.09,0.0,365.82,799.04],"iscrowd":0,"attributes":{"occluded":false}},{"id":7,"image_id":5,"category_id":1,"segmentation":[[620.94,89.53,618.05,127.08,534.3,164.62,519.86,309.03,488.09,309.03,476.53,352.35,505.42,404.33,551.62,837.54,609.39,1302.53,571.84,1316.97,571.84,1464.26,525.63,1472.92,516.97,1496.03,401.44,1510.47,352.35,1998.56,363.9,2223.83,395.67,2275.81,1210.11,2278.7,1198.56,2192.06,1233.21,1978.34,1187.0,1530.69,1097.47,1498.92,1085.92,1458.48,1025.27,1461.37,1025.27,1319.86,981.95,1302.53,1013.72,1149.46,1178.34,1094.58,1215.88,522.74,1120.58,453.43,1123.46,389.89,1149.46,340.79,1117.69,306.14,1083.03,161.73,979.1,75.1,776.89,57.76,779.78,54.87]],"area":1462747.0,"bbox":[352.35,54.87,880.86,2223.83],"iscrowd":0,"attributes":{"occluded":false}},{"id":8,"image_id":6,"category_id":1,"segmentation":[[338.27,32.49,258.12,34.66,265.34,43.32,201.8,54.15,211.91,184.84,240.07,316.25,211.91,352.35,186.64,354.51,186.64,382.67,177.26,384.84,160.65,543.68,175.09,572.56,182.31,577.62,182.31,585.56,221.3,583.39,233.57,565.34,373.65,565.34,381.59,582.67,420.58,582.67,419.86,574.73,442.24,546.57,418.41,384.84,408.3,381.23,408.3,353.79,388.81,355.23,360.65,322.02,362.82,297.47,368.59,285.2,388.09,178.34,393.86,51.99,333.21,45.49]],"area":107042.0,"bbox":[160.65,32.49,281.59,553.07],"iscrowd":0,"attributes":{"occluded":false}},{"id":9,"image_id":7,"category_id":1,"segmentation":[[1261.73,101.53,1172.38,121.84,1172.38,147.56,1141.25,148.92,1125.0,211.19,1110.11,207.13,1108.75,247.74,1122.29,254.51,1165.61,629.51,1150.72,636.28,1150.72,687.73,1083.03,722.92,1062.73,942.24,1069.49,966.61,1076.26,1046.48,1088.45,1062.73,1413.36,1070.85,1413.36,1045.13,1429.6,1039.71,1429.6,947.65,1451.26,920.58,1424.19,724.28,1378.16,712.09,1353.79,685.02,1349.73,624.1,1322.65,622.74,1342.96,568.59,1414.71,559.12,1429.6,318.14,1386.28,278.88,1397.11,224.73,1378.16,217.96,1378.16,157.04,1336.19,147.56,1332.13,119.13]],"area":275569.0,"bbox":[1062.73,101.53,388.53,969.32],"iscrowd":0,"attributes":{"occluded":false}},{"id":10,"image_id":7,"category_id":1,"segmentation":[[900.27,232.85,900.27,235.56,597.02,230.14,594.31,253.16,614.62,280.23,634.93,656.59,659.3,659.3,652.53,702.62,611.91,718.86,586.19,850.18,561.82,863.72,579.42,889.44,571.3,1051.89,586.19,1073.56,923.29,1076.26,939.53,1031.59,892.15,729.69,886.73,714.8,840.7,710.74,843.41,664.71,871.84,649.82,882.67,407.49,901.62,561.82,938.18,561.82,947.65,282.94,908.39,273.47,923.29,261.28,900.27,259.93]],"area":256575.0,"bbox":[561.82,230.14,385.83,846.12],"iscrowd":0,"attributes":{"occluded":false}},{"id":11,"image_id":7,"category_id":1,"segmentation":[[131.32,150.27,370.94,146.21,414.26,154.33,412.91,192.24,372.29,209.84,370.94,228.79,423.74,251.8,446.75,343.86,402.08,490.07,364.17,533.39,373.65,710.74,384.48,739.17,393.95,786.55,437.27,828.52,433.21,1028.88,422.38,1080.32,358.75,1084.39,328.97,1053.25,167.87,1046.48,138.09,1088.45,55.51,1088.45,31.14,1045.13,40.61,842.06,96.12,774.37,98.83,735.11,115.07,718.86,120.49,574.01,131.32,534.75,102.89,170.58]],"area":290167.0,"bbox":[31.14,146.21,415.61,942.24],"iscrowd":0,"attributes":{"occluded":false}},{"id":12,"image_id":8,"category_id":1,"segmentation":[[706.9,25.11,708.61,33.63,707.0,34.0,700.0,27.0,674.0,20.0,661.0,20.0,659.0,13.0,580.78,40.45,573.97,100.1,546.7,100.1,563.74,135.89,498.98,158.05,521.13,311.44,579.08,325.07,579.08,362.56,563.74,371.09,563.74,403.47,487.05,430.74,480.23,500.61,463.19,544.92,466.6,618.21,512.61,643.77,510.91,599.46,626.8,623.32,630.21,657.41,671.11,669.34,783.6,602.87,776.78,429.03,730.76,417.1,725.65,371.09,712.01,354.04,746.1,120.55,776.78,98.4,769.96,79.65,718.83,84.76,725.65,43.86]],"area":138174.0,"bbox":[463.19,13.0,320.41,656.34],"iscrowd":0,"attributes":{"occluded":false}},{"id":13,"image_id":9,"category_id":1,"segmentation":[[556.0,448.38,509.43,441.88,504.02,428.88,406.54,412.64,287.41,425.63,300.41,444.04,311.24,607.58,323.15,625.99,290.66,802.53,322.07,833.94,453.11,836.1,502.93,797.11,476.94,634.66,551.67,619.49,569.0,466.79]],"area":88994.0,"bbox":[287.41,412.64,281.59,423.46],"iscrowd":0,"attributes":{"occluded":false}},{"id":14,"image_id":10,"category_id":1,"segmentation":[[937.74,63.68,770.12,35.9,671.46,37.81,558.43,59.84,553.64,87.62,569.92,100.08,568.01,204.48,587.17,298.35,616.86,347.2,614.94,403.71,617.82,432.45,597.7,462.14,585.25,509.08,546.93,565.59,533.53,632.64,552.68,743.75,946.36,745.67,964.56,643.18,946.36,560.8,910.92,513.87,899.43,467.89,880.27,443.94,886.02,395.09,964.56,357.74,988.51,315.59,994.25,132.64,963.6,105.82,917.62,100.08,943.49,93.37]],"area":264204.0,"bbox":[533.53,35.9,460.72,709.77],"iscrowd":0,"attributes":{"occluded":false}},{"id":15,"image_id":11,"category_id":1,"segmentation":[[547.0,22.0,473.0,17.0,470.0,13.0,464.0,16.0,403.0,12.0,289.0,15.0,255.0,25.0,252.0,45.0,234.0,51.0,235.0,67.0,252.0,76.0,255.0,87.0,272.0,394.0,262.0,438.0,261.0,435.0,244.0,438.0,221.0,449.0,200.0,476.0,196.0,706.0,187.0,713.0,192.0,716.0,197.0,713.0,201.0,725.0,212.0,720.0,222.0,730.0,229.0,764.0,242.0,774.0,244.0,771.0,246.0,776.0,301.0,786.0,352.0,787.0,514.0,774.0,548.0,767.0,566.0,757.0,570.0,763.0,567.0,757.0,574.0,742.0,571.0,509.0,575.0,488.0,572.0,490.0,545.0,461.0,528.0,452.0,511.0,449.0,501.0,434.0,495.0,433.0,501.0,432.0,497.0,408.0,499.0,368.0,503.0,358.0,518.0,125.0,525.0,118.0,542.0,118.0,554.0,126.0,551.0,127.0,553.0,307.0,561.0,320.0,556.0,328.0,563.0,321.0,590.0,326.0,597.0,319.0,601.0,305.0,603.0,81.0,594.0,71.0,599.0,65.0,594.0,71.0,596.0,78.0,533.0,77.0,527.0,78.0,526.0,82.0,521.0,76.0,525.0,62.0,523.0,43.0,542.0,32.0]],"area":243222.0,"bbox":[187.0,12.0,416.0,775.0],"iscrowd":0,"attributes":{"occluded":false}},{"id":16,"image_id":12,"category_id":1,"segmentation":[[156.88,62.83,216.25,59.37,261.21,67.44,256.59,69.17,257.17,80.12,265.24,80.7,261.78,155.06,283.69,160.82,280.23,185.03,275.04,189.06,275.62,266.88,269.28,270.92,271.58,282.44,284.26,304.92,287.72,386.77,283.11,394.27,260.63,402.91,244.49,387.35,173.59,386.2,162.64,400.61,137.28,398.88,128.63,383.89,128.05,305.5,144.19,285.33,144.19,270.92,139.01,264.0,136.7,185.61,130.36,178.69,130.94,163.12,153.99,151.02]],"area":44525.0,"bbox":[128.05,59.37,159.67,343.54],"iscrowd":0,"attributes":{"occluded":false}},{"id":17,"image_id":13,"category_id":1,"segmentation":[[381.47,129.96,749.7,79.42,1081.83,122.74,1081.83,151.62,1129.96,158.84,1089.05,194.95,1086.64,279.18,1274.37,351.38,1231.05,640.19,1127.56,849.58,1014.44,936.22,995.19,1013.24,1062.58,1020.46,1226.23,1622.14,1211.79,1802.65,1115.52,1843.56,1113.12,1819.49,1038.51,1826.71,990.37,1906.14,848.38,1920.58,814.68,1867.63,400.72,1819.49,374.25,1862.82,280.38,1865.22,234.66,1651.02,444.04,1027.68,499.4,1027.68,429.6,245.49,342.96,199.76]],"area":1355909.0,"bbox":[234.66,79.42,1039.71,1841.16],"iscrowd":0,"attributes":{"occluded":false}},{"id":18,"image_id":14,"category_id":1,"segmentation":[[502.0,2.0,509.0,1.0,512.0,4.0,726.42,4.92,752.7,19.07,742.59,73.64,780.99,85.77,783.01,257.57,746.63,308.1,720.36,324.27,696.1,392.99,724.4,401.07,730.46,506.18,762.8,536.49,762.8,659.79,390.9,673.93,407.07,566.81,449.52,528.41,518.24,498.09,512.17,403.09,538.45,392.99,491.0,13.0,493.0,8.0]],"area":173573.0,"bbox":[390.9,1.0,392.11,672.93],"iscrowd":0,"attributes":{"occluded":false}},{"id":19,"image_id":15,"category_id":1,"segmentation":[[228.94,49.34,221.12,57.76,222.32,64.98,199.46,68.59,196.45,76.41,184.42,77.02,181.41,88.45,196.45,89.05,207.88,254.51,197.65,258.12,193.44,288.21,171.78,306.86,139.89,412.76,143.5,421.18,151.32,421.18,151.32,433.21,167.57,433.21,167.57,425.99,276.47,441.04,280.69,451.26,300.54,449.46,300.54,439.23,339.05,398.32,336.64,364.62,317.39,296.63,307.76,290.61,302.35,254.51,295.13,249.1,296.93,218.41,333.0,204.6,340.25,116.73,310.77,107.1,309.57,85.44,314.98,76.41,305.36,75.21,305.96,67.99,283.09,65.58,280.69,50.54,253.61,48.13]],"area":52310.0,"bbox":[139.89,48.13,200.36,403.13],"iscrowd":0,"attributes":{"occluded":false}},{"id":20,"image_id":16,"category_id":1,"segmentation":[[244.4,24.55,244.4,158.12,195.31,162.46,178.7,181.23,188.09,256.32,186.64,379.78,158.48,543.68,176.53,576.17,186.64,584.84,219.13,584.84,222.02,576.17,229.24,566.79,372.92,568.95,388.09,587.0,420.58,583.39,442.96,546.57,420.58,391.34,408.3,381.23,409.75,244.77,417.69,177.62,405.42,164.62,360.65,161.73,357.0,23.1,327.4,19.5,292.78,21.66]],"area":115443.0,"bbox":[158.48,19.5,284.48,567.5],"iscrowd":0,"attributes":{"occluded":false}},{"id":21,"image_id":17,"category_id":1,"segmentation":[[622.57,126.23,740.38,105.79,863.0,120.22,914.7,114.21,927.92,132.24,943.55,121.42,941.14,158.69,914.7,169.51,903.88,259.67,896.66,272.89,869.01,549.39,948.36,571.03,1002.46,893.21,692.3,913.65,556.45,857.14,575.69,583.05,652.62,563.82,629.78,288.52,600.93,314.97,599.73,461.63,556.45,466.44,544.43,275.3,622.57,217.59,621.37,204.37,605.74,181.53,605.74,163.49,626.18,163.49]],"area":266217.0,"bbox":[544.43,105.79,458.03,807.86],"iscrowd":0,"attributes":{"occluded":false}},{"id":22,"image_id":18,"category_id":1,"segmentation":[[1069.65,124.38,1106.96,158.58,861.32,217.66,883.08,746.27,998.13,1346.39,892.41,1470.77,802.24,1492.54,786.69,1601.37,749.38,1604.48,659.2,2260.57,715.17,2384.95,932.84,2403.61,960.82,2356.96,1545.4,2360.07,1585.82,2400.5,1781.72,2397.39,1831.47,2269.9,1738.18,1623.13,1700.87,1585.82,1694.65,1486.32,1610.7,1480.1,1504.98,1355.72,1508.08,1231.34,1542.29,1194.03,1620.02,705.85,1648.01,220.77,1408.58,180.35,1408.58,136.82]],"area":1842595.0,"bbox":[659.2,124.38,1172.27,2279.23],"iscrowd":0,"attributes":{"occluded":false}},{"id":23,"image_id":19,"category_id":1,"segmentation":[[104.53,12.72,119.57,205.9,127.66,213.99,131.71,237.13,121.88,237.13,94.12,306.53,86.6,403.69,122.46,408.9,132.87,397.33,224.25,397.33,232.93,406.01,271.1,406.59,261.84,316.94,234.08,235.97,226.56,233.66,224.83,215.73,234.66,207.63,243.91,80.97,250.85,165.99,267.63,167.72,281.51,28.34,247.4,8.1,207.5,3.5,147.33,5.21]],"area":59477.0,"bbox":[86.6,3.5,194.91,405.4],"iscrowd":0,"attributes":{"occluded":false}},{"id":24,"image_id":20,"category_id":1,"segmentation":[[438.0,32.0,432.0,39.0,427.0,93.0,432.0,216.0,460.0,490.0,464.0,625.0,472.0,633.0,463.0,635.0,458.0,751.0,421.0,1021.0,413.0,1165.0,434.0,1177.0,477.0,1185.0,480.0,1196.0,420.0,1211.0,413.0,1231.0,421.0,1240.0,483.0,1266.0,509.0,1258.0,662.0,1262.0,749.0,1256.0,774.0,1267.0,796.0,1264.0,810.0,1250.0,846.0,1238.0,848.0,1227.0,839.0,1211.0,782.0,1199.0,781.0,1189.0,832.0,1178.0,851.0,1167.0,835.0,964.0,812.0,798.0,802.0,631.0,811.0,457.0,841.0,209.0,846.0,111.0,842.0,38.0,743.0,19.0,740.0,0.0,727.0,15.0,625.0,6.0,619.0,12.0,627.68,6.16,537.0,15.0,474.0,31.0]],"area":476934.0,"bbox":[413.0,0.0,438.0,1267.0],"iscrowd":0,"attributes":{"occluded":false}},{"id":25,"image_id":21,"category_id":1,"segmentation":[[144.0,11.0,141.0,16.0,129.0,16.0,104.0,26.0,112.0,33.0,115.0,127.0,128.0,154.0,120.0,157.0,112.0,182.0,102.0,265.0,112.0,284.0,121.0,284.0,124.0,278.0,157.0,280.0,185.0,276.0,192.0,278.0,189.0,284.0,202.0,279.0,205.0,264.0,209.0,265.0,190.0,160.0,180.0,151.0,188.0,143.0,193.0,125.0,215.0,116.0,221.0,106.0,224.0,109.0,222.0,56.0,215.0,46.0,196.0,42.0,197.0,24.0,182.0,16.5,164.0,11.0]],"area":24261.0,"bbox":[102.0,11.0,122.0,273.0],"iscrowd":0,"attributes":{"occluded":false}},{"id":26,"image_id":22,"category_id":1,"segmentation":[[368.7,25.1,238.5,25.5,194.0,40.0,205.0,57.0,224.0,250.0,220.0,333.0,206.0,367.0,187.0,378.0,175.0,446.0,198.0,558.0,237.0,558.0,255.0,542.0,342.0,541.0,334.0,550.0,358.0,562.0,394.0,552.0,385.0,537.0,402.0,522.0,412.0,440.0,406.0,382.0,382.0,368.0,367.0,329.0,368.0,281.0,427.0,237.0,450.5,73.7,401.2,55.9,403.8,41.1]],"area":107190.0,"bbox":[175.0,25.1,275.5,536.9],"iscrowd":0,"attributes":{"occluded":false}},{"id":27,"image_id":23,"category_id":1,"segmentation":[[1062.19,69.65,888.0,79.0,884.0,127.0,831.0,130.0,753.0,164.0,758.0,171.0,696.0,206.0,669.0,207.0,655.0,227.0,656.0,258.0,691.0,261.0,693.0,302.0,707.0,323.0,768.66,1029.85,733.83,1044.78,736.32,1169.15,504.98,1208.96,398.01,1631.84,435.32,1815.92,487.56,1858.21,549.75,1848.26,557.21,1801.0,855.72,1875.62,885.57,1915.42,952.74,1922.89,970.15,1865.67,1303.48,1793.53,1305.97,1835.82,1353.23,1825.87,1363.18,1773.63,1402.99,1766.17,1415.42,1611.94,1363.18,1238.81,1268.66,1211.44,1263.68,1169.15,1216.42,1169.15,1221.39,1037.31,1189.05,1037.31,1199.0,935.32,1378.11,893.04,1407.96,455.22,1425.37,420.4,1246.27,338.31,1253.73,206.47,1121.89,124.38,1062.19,126.87]],"area":1237733.0,"bbox":[398.01,69.65,1027.36,1853.24],"iscrowd":0,"attributes":{"occluded":false}},{"id":28,"image_id":24,"category_id":1,"segmentation":[[1581.9,108.12,1454.79,77.52,1118.16,115.18,1127.58,188.16,1026.35,202.28,1005.17,423.56,1174.66,578.92,1186.43,654.25,1160.53,717.81,1078.14,757.83,1005.17,932.03,988.69,1186.26,1016.94,1245.11,1073.43,1249.82,1087.56,1212.16,1264.11,1252.17,1290.0,1313.38,1457.14,1318.09,1483.03,1249.82,1588.97,1207.45,1596.03,1235.7,1659.59,1193.32,1671.36,1153.3,1664.29,920.26,1584.26,739.0,1539.53,731.93,1508.93,626.0,1570.13,216.4]],"area":621540.0,"bbox":[988.69,77.52,682.67,1240.57],"iscrowd":0,"attributes":{"occluded":false}},{"id":29,"image_id":25,"category_id":1,"segmentation":[[454.05,56.8,400.13,42.68,335.9,40.1,283.29,51.66,231.9,65.8,252.5,90.2,275.6,293.0,274.3,320.0,264.03,352.1,247.34,391.9,229.37,549.82,282.01,575.5,302.55,544.69,406.55,543.4,415.53,567.8,472.03,549.82,438.64,366.22,419.39,295.61,434.79,273.78,484.87,216.0,500.27,121.0,448.92,106.87,448.92,74.77]],"area":103032.0,"bbox":[229.37,40.1,270.9,535.4],"iscrowd":0,"attributes":{"occluded":false}},{"id":30,"image_id":26,"category_id":1,"segmentation":[[519.0,36.0,488.0,42.0,460.0,53.0,449.0,65.0,440.0,65.0,414.0,79.0,396.0,102.0,391.0,148.0,370.0,166.0,363.0,185.0,367.0,196.0,331.0,202.0,311.0,223.0,315.0,348.0,311.0,352.0,316.0,355.0,320.0,477.0,338.0,484.0,352.0,484.0,357.0,480.0,359.5,393.4,365.6,289.0,395.0,267.1,416.0,479.0,425.0,532.0,434.0,534.0,427.0,544.0,411.0,549.0,406.0,555.0,404.0,633.0,407.0,635.0,394.0,636.0,369.0,657.0,370.0,662.0,339.0,667.0,331.0,674.0,297.0,769.0,302.0,773.0,305.97,1038.81,374.63,1044.78,417.91,1073.13,419.4,1123.88,458.21,1155.22,456.72,1174.63,516.42,1174.63,516.42,1149.25,886.57,1107.46,873.13,1079.1,902.99,1079.1,905.97,935.82,838.81,658.21,705.97,625.37,697.01,538.81,673.13,522.39,698.51,208.96,741.79,179.1,758.21,134.33,734.33,110.45,685.07,110.45,668.66,76.12,573.0,37.0]],"area":461270.0,"bbox":[297.0,36.0,608.97,1138.63],"iscrowd":0,"attributes":{"occluded":false}},{"id":31,"image_id":27,"category_id":1,"segmentation":[[769.45,717.9,193.75,740.04,138.39,883.97,171.6,978.08,287.85,1620.21,287.85,1725.39,210.35,1797.35,204.82,1874.85,127.32,1896.99,77.5,2428.41,116.25,2522.52,282.32,2533.59,835.88,2505.91,963.2,2301.09,891.24,1791.82,835.88,1675.57,741.77,1681.1,747.31,1614.67,797.13,1564.85,797.13,1470.75,852.49,1470.75,863.56,1061.11,786.06,922.72,846.95,922.72]],"area":1231594.0,"bbox":[77.5,717.9,885.7,1815.69],"iscrowd":0,"attributes":{"occluded":false}},{"id":32,"image_id":27,"category_id":1,"segmentation":[[3681.2,679.15,3520.66,662.55,3238.34,662.55,3122.1,756.65,3155.31,856.29,3210.67,1465.21,3155.31,1703.25,3122.1,1830.56,3039.06,1941.28,3016.92,2223.59,3094.42,2406.27,3254.95,2411.81,3282.63,2350.91,3631.38,2356.45,3731.02,2478.23,3847.26,2395.2,3819.59,2096.27,3719.95,1896.99,3675.66,1758.6,3647.98,1454.14,3747.62,1149.68,3742.09,933.79,3675.66,806.47]],"area":1025232.0,"bbox":[3016.92,662.55,830.34,1815.68],"iscrowd":0,"attributes":{"occluded":false}},{"id":33,"image_id":27,"category_id":1,"segmentation":[[2657.1,474.33,2324.97,485.41,2336.04,546.3,2269.61,546.3,2175.5,706.83,2269.61,823.08,2109.08,928.26,2158.9,1393.25,2308.36,1432.0,2358.18,1603.6,2297.29,1620.21,2214.25,1736.46,2136.75,2384.13,2247.47,2528.05,2302.82,2373.06,2762.28,2373.06,2778.89,2505.91,2900.67,2456.09,2839.78,1769.67,2773.35,1719.85,2723.53,1658.96,2723.53,1581.46,2812.1,762.19,2823.17,634.87,2740.14,557.37,2668.17,535.23]],"area":1158930.0,"bbox":[2109.08,474.33,791.59,2053.72],"iscrowd":0,"attributes":{"occluded":false}},{"id":34,"image_id":27,"category_id":1,"segmentation":[[1821.22,745.58,1511.23,690.22,1228.91,767.72,1195.7,872.9,1223.38,950.4,1273.2,1598.07,1251.05,1664.5,1251.05,1736.46,1162.48,1802.89,1090.52,1930.21,1118.2,2328.77,1079.45,2428.41,1079.45,2489.3,1970.68,2472.7,2026.04,2306.63,1965.15,1802.89,1859.97,1692.17,1815.69,1581.46,1821.22,1426.46,1893.19,1454.14,1909.79,950.4]],"area":1291727.0,"bbox":[1079.45,690.22,946.59,1799.08],"iscrowd":0,"attributes":{"occluded":false}},{"id":35,"image_id":27,"category_id":1,"segmentation":[[4085.3,839.69,3996.73,917.18,4074.23,1005.75,4079.76,1631.28,4077.0,1639.0,4084.0,1655.0,4079.0,1659.0,4071.0,1655.0,4069.0,1656.0,4070.0,1736.0,4067.0,1739.0,4020.0,1743.0,3990.0,1752.0,3985.0,1747.0,3891.55,2218.06,4035.48,2467.16,4699.75,2450.55,4677.61,1985.56,4539.22,1775.21,4428.51,1714.32,4517.08,1647.89,4533.68,1077.72,4616.72,1459.68,4677.61,1470.75,4710.82,967.01,4566.9,823.08]],"area":999799.0,"bbox":[3891.55,823.08,819.27,1644.08],"iscrowd":0,"attributes":{"occluded":false}},{"id":36,"image_id":28,"category_id":1,"segmentation":[[140.3,204.48,173.88,423.13,163.43,478.36,149.25,497.76,147.01,529.85,136.57,543.28,140.27,595.29,383.53,591.57,355.68,565.57,325.97,504.29,325.97,467.16,372.39,387.31,385.39,249.89,346.39,231.32,346.39,207.18,299.97,194.18]],"area":80064.0,"bbox":[136.57,194.18,248.82,401.11],"iscrowd":0,"attributes":{"occluded":false}},{"id":37,"image_id":29,"category_id":1,"segmentation":[[710.02,14.08,710.02,38.48,665.64,51.8,543.62,131.67,581.34,156.07,605.74,251.47,643.46,746.22,616.83,752.88,599.09,852.71,576.9,868.25,581.34,919.27,525.87,928.15,488.16,972.52,463.75,1183.29,665.64,1356.34,1147.08,1363.0,1187.02,1243.19,1107.15,905.96,987.34,888.21,960.72,877.12,960.72,777.28,931.88,757.31,931.88,695.19,1073.87,633.07,1109.37,264.78,1051.68,215.97,967.38,215.97,987.34,118.35,1011.75,111.7,880.85,45.14,858.66,45.14,858.66,9.64]],"area":648688.0,"bbox":[463.75,9.64,723.27,1353.36],"iscrowd":0,"attributes":{"occluded":false}},{"id":38,"image_id":30,"category_id":1,"segmentation":[[720.0,26.0,659.0,31.0,615.0,43.0,599.0,52.0,599.0,73.0,549.0,91.0,534.0,113.0,531.0,166.0,509.0,171.0,502.0,180.0,507.0,198.0,520.0,208.0,518.0,249.0,458.0,261.0,387.0,305.0,386.0,314.0,398.0,348.0,404.0,548.0,423.0,637.0,472.0,654.0,502.0,652.0,552.0,671.0,561.0,760.0,549.0,773.0,557.0,785.0,545.0,793.0,540.0,868.0,503.0,870.0,495.0,892.0,423.0,902.0,424.0,908.0,418.0,905.0,412.0,914.0,391.0,1145.0,403.0,1301.0,415.0,1311.0,421.0,1336.0,458.0,1340.0,468.0,1350.0,459.0,1341.0,481.0,1337.0,485.0,1324.0,494.0,1322.0,580.0,1372.0,598.0,1375.0,602.0,1408.0,648.0,1430.0,652.0,1455.0,662.0,1465.0,678.0,1468.0,709.0,1463.0,715.0,1457.0,717.0,1436.0,1009.0,1389.0,1031.0,1378.0,1073.0,1376.0,1092.0,1360.0,1103.0,1220.0,1109.0,1215.0,1112.0,1185.0,1105.0,1147.0,1078.0,1085.0,1064.0,918.0,1033.0,913.0,921.0,914.0,922.0,881.0,915.0,875.0,891.0,873.0,888.0,786.0,880.0,777.0,868.0,775.0,870.0,768.0,862.0,764.0,863.0,641.0,874.0,561.0,899.0,226.0,891.0,213.0,896.0,206.0,901.0,209.0,959.0,189.0,960.0,148.0,891.0,147.0,885.0,104.0,871.0,85.0,820.0,69.0,816.76,48.71,795.0,36.0]],"area":686635.0,"bbox":[386.0,26.0,726.0,1442.0],"iscrowd":0,"attributes":{"occluded":false}},{"id":39,"image_id":31,"category_id":1,"segmentation":[[552.24,1.87,486.94,31.72,486.94,70.9,419.78,93.28,416.04,149.25,311.57,151.12,350.75,182.84,389.93,227.61,401.12,281.72,414.18,567.16,442.16,738.81,429.1,777.99,404.85,871.27,298.51,925.37,264.93,1182.84,283.58,1376.87,326.49,1393.66,335.82,1356.34,559.7,1419.78,559.7,1466.42,658.58,1494.4,751.87,1481.34,746.27,1434.7,882.46,1402.99,934.7,1421.64,1011.19,1402.99,1014.93,1156.72,990.67,1074.63,972.01,930.97,826.49,897.39,805.97,875.0,766.79,777.99,772.39,686.57,930.97,572.76,947.76,270.52,916.04,236.94,817.16,225.75,819.03,173.51,787.31,154.85,791.04,89.55,718.28,55.97,716.42,18.66,615.67,1.87]],"area":761178.0,"bbox":[264.93,1.87,750.0,1492.53],"iscrowd":0,"attributes":{"occluded":false}},{"id":40,"image_id":32,"category_id":1,"segmentation":[[817.2,26.1,695.9,22.39,690.3,54.1,505.6,139.93,554.1,147.39,606.34,746.27,583.96,770.52,578.36,865.67,544.78,876.87,544.78,914.18,417.91,947.76,384.33,1054.1,345.15,1229.48,369.4,1367.54,393.66,1386.19,399.25,1412.31,453.36,1412.31,483.21,1373.13,748.13,1404.85,794.78,1429.1,800.37,1457.09,867.54,1466.42,865.67,1427.24,899.25,1406.72,908.58,1363.81,975.75,1309.7,975.75,1332.09,1027.99,1320.9,1027.99,1296.64,1052.24,1276.12,1061.57,1182.84,1041.04,996.27,1022.39,923.51,958.96,899.25,958.96,863.81,921.64,863.81,927.24,759.33,895.52,750.0,916.04,677.24,1022.39,649.25,1059.7,320.9,1014.93,274.25,940.3,242.54,951.49,205.22,957.09,151.12,972.01,134.33,880.6,78.36]],"area":665963.0,"bbox":[345.15,22.39,716.42,1444.03],"iscrowd":0,"attributes":{"occluded":false}},{"id":41,"image_id":33,"category_id":1,"segmentation":[[183.9,5.2,132.3,2.9,96.91,20.87,69.67,20.87,7.65,52.16,3.6,67.81,14.61,99.11,40.69,128.09,67.35,211.55,70.83,242.85,55.76,275.31,32.58,392.39,29.68,421.37,51.7,442.24,97.49,460.78,165.89,459.62,251.67,443.98,272.53,418.47,270.79,395.29,263.84,381.96,255.72,310.67,243.55,271.25,228.48,255.02,229.64,245.17,304.41,209.24,336.87,165.19,343.82,112.44,322.38,84.62,273.11,75.35,271.95,47.53]],"area":104231.0,"bbox":[3.6,2.9,340.22,457.88],"iscrowd":0,"attributes":{"occluded":false}},{"id":42,"image_id":34,"category_id":1,"segmentation":[[143.68,31.44,148.06,35.42,146.47,45.77,129.75,45.77,133.33,128.16,136.52,136.92,128.16,140.5,122.99,180.3,128.56,191.44,193.04,191.44,197.01,182.69,194.63,138.11,184.68,137.71,184.68,130.55,201.79,125.77,203.78,119.0,204.18,64.48,195.02,58.11,195.02,48.96,175.92,45.77,175.92,32.24]],"area":10373.0,"bbox":[122.99,31.44,81.19,160.0],"iscrowd":0,"attributes":{"occluded":false}},{"id":43,"image_id":35,"category_id":1,"segmentation":[[206.42,21.49,205.52,38.51,217.16,46.57,237.8,248.1,227.01,329.55,216.27,348.36,203.73,394.93,191.19,397.61,175.07,448.66,207.31,535.52,201.04,558.81,224.33,568.66,254.78,563.28,270.0,559.7,317.5,557.9,333.58,565.07,352.39,579.4,396.27,575.82,397.16,560.6,379.25,555.22,401.64,542.69,415.97,373.43,402.54,363.58,394.48,325.97,383.73,317.01,381.94,271.34,424.03,215.82,436.57,50.15,426.72,32.24,400.75,25.97,399.85,10.75]],"area":108607.0,"bbox":[175.07,10.75,261.5,568.65],"iscrowd":0,"attributes":{"occluded":false}},{"id":44,"image_id":36,"category_id":1,"segmentation":[[1030.49,566.15,633.53,562.9,623.77,657.25,679.08,1281.97,653.05,1399.1,597.74,1431.64,526.16,1935.97,529.41,1997.79,578.22,2036.84,646.54,2043.34,643.29,2010.81,971.92,2010.81,978.43,2059.61,1053.26,2056.36,1105.32,1935.97,1020.72,1428.39,994.69,1395.85,965.41,1281.97,1134.6,1135.55,1134.6,777.64,1020.72,738.6]],"area":666035.0,"bbox":[526.16,562.9,608.44,1496.71],"iscrowd":0,"attributes":{"occluded":false}},{"id":45,"image_id":37,"category_id":1,"segmentation":[[974.23,156.05,896.93,142.55,780.37,154.82,779.14,168.32,761.96,174.45,785.28,189.18,787.73,402.67,785.28,433.35,734.97,467.71,734.97,635.8,871.2,671.4,1028.22,648.07,1019.63,467.71,969.33,439.48,965.64,351.14,1014.72,331.51,1024.54,291.02,1022.09,194.09,976.69,191.63]],"area":122840.0,"bbox":[734.97,142.55,293.25,528.85],"iscrowd":0,"attributes":{"occluded":false}},{"id":46,"image_id":38,"category_id":1,"segmentation":[[853.26,39.31,813.33,41.53,640.3,3.8,438.38,45.97,438.38,210.14,469.44,500.78,471.66,629.46,460.57,857.98,422.85,1164.15,487.19,1199.64,416.2,1226.27,458.35,1255.11,520.47,1261.77,760.08,1257.33,795.58,1266.2,857.7,1239.58,855.48,1215.17,791.14,1212.96,791.14,1188.55,862.14,1179.68,848.83,946.72,806.67,649.43]],"area":471704.0,"bbox":[416.2,3.8,445.94,1262.4],"iscrowd":0,"attributes":{"occluded":false}},{"id":47,"image_id":39,"category_id":1,"segmentation":[[442.94,50.92,442.94,73.01,457.67,87.73,465.03,201.84,495.71,288.96,488.34,333.13,489.57,355.21,477.3,379.75,473.62,412.88,436.81,469.33,420.86,518.41,446.63,596.93,746.01,595.71,766.87,511.04,750.92,444.79,731.29,419.02,715.34,366.26,698.16,350.31,704.29,318.41,777.91,285.28,792.64,102.45,765.64,80.37,754.6,52.15,678.53,30.06,520.25,26.38]],"area":167126.0,"bbox":[420.86,26.38,371.78,570.55],"iscrowd":0,"attributes":{"occluded":false}},{"id":48,"image_id":40,"category_id":1,"segmentation":[[299.0,26.0,136.0,24.0,101.0,42.0,113.0,52.0,127.0,392.0,113.0,397.0,110.0,430.0,81.0,463.0,49.0,626.0,76.0,672.0,345.0,675.0,358.0,661.0,365.0,580.0,343.0,442.0,315.0,419.0,298.0,334.0,300.0,292.0,340.0,283.0,350.0,265.0,349.0,129.0,336.0,109.0,306.0,101.0,308.0,51.0,320.29,43.32]],"area":153310.0,"bbox":[49.0,24.0,316.0,651.0],"iscrowd":0,"attributes":{"occluded":false}},{"id":49,"image_id":40,"category_id":1,"segmentation":[[956.0,5.0,955.0,15.0,969.0,31.0,1007.0,327.0,997.0,338.0,991.0,375.0,978.0,376.0,974.0,388.0,937.0,395.0,926.0,528.0,919.0,537.0,929.0,549.0,935.0,614.0,951.0,619.0,958.0,655.0,968.0,665.0,1195.0,660.0,1208.0,640.0,1217.0,565.0,1207.0,409.0,1191.0,395.0,1163.0,389.0,1144.0,373.0,1143.0,340.0,1133.0,325.0,1140.0,277.0,1199.0,264.0,1194.0,259.0,1203.0,183.0,1231.0,141.0,1230.0,96.0,1203.0,59.0,1171.0,45.0,1171.0,30.0,1186.0,15.0,1186.0,0.0,1186.0,15.0,1179.0,19.0,1051.0,11.0,970.0,14.0,968.0,5.0]],"area":149464.0,"bbox":[919.0,0.0,312.0,665.0],"iscrowd":0,"attributes":{"occluded":false}},{"id":50,"image_id":40,"category_id":1,"segmentation":[[710.0,53.0,715.0,59.0,714.0,63.0,683.0,64.0,676.0,62.0,673.0,70.0,656.0,69.0,655.0,67.0,651.0,70.0,669.0,84.0,676.0,93.0,684.0,317.0,681.0,325.0,675.0,370.0,674.0,410.0,678.0,418.0,676.0,421.0,677.0,431.0,672.0,439.0,671.0,482.0,667.0,496.0,653.0,519.0,650.0,602.0,655.0,608.0,655.0,616.0,660.0,621.0,662.0,627.0,674.0,638.0,673.0,640.0,684.0,654.0,684.0,659.0,688.0,661.0,719.0,665.0,834.0,668.0,838.0,664.0,875.0,661.0,882.0,656.0,884.0,648.0,902.0,621.0,905.0,606.0,903.0,602.0,902.0,566.0,899.0,563.0,899.0,540.0,882.0,508.0,877.0,505.0,879.0,503.0,873.0,487.0,871.0,430.0,868.0,418.0,870.0,416.0,867.0,412.0,869.0,409.0,870.0,371.0,866.0,335.0,863.0,325.0,863.0,317.0,866.0,316.0,863.0,317.0,863.0,312.0,868.0,300.0,884.0,286.0,904.0,263.0,924.0,227.0,933.0,189.0,933.0,168.0,935.0,166.0,933.0,150.0,921.0,121.0,908.0,107.0,890.0,97.0,878.0,96.0,871.0,90.0,874.0,71.0,871.0,69.0,862.0,69.0,860.0,66.0,873.0,65.0,875.0,62.0,873.0,60.0,851.0,54.0,838.0,53.0,836.0,51.0,784.0,51.0,780.0,46.0,782.0,48.0,781.0,52.0]],"area":134399.0,"bbox":[650.0,46.0,285.0,622.0],"iscrowd":0,"attributes":{"occluded":false}},{"id":51,"image_id":40,"category_id":1,"segmentation":[[368.0,115.0,356.0,129.0,383.0,134.0,419.0,388.0,411.0,481.0,392.0,497.0,384.0,526.0,383.0,647.0,409.0,661.0,616.0,658.0,631.0,610.0,645.0,611.0,626.0,597.0,619.0,500.0,596.0,486.0,587.0,364.0,635.0,341.0,658.0,299.0,653.0,164.0,601.0,167.0,606.0,122.0,550.0,105.0,544.0,92.0,461.0,92.0,448.0,106.0]],"area":125668.0,"bbox":[356.0,92.0,302.0,569.0],"iscrowd":0,"attributes":{"occluded":false}},{"id":52,"image_id":41,"category_id":1,"segmentation":[[436.57,72.76,386.19,106.34,468.28,210.82,533.58,722.01,531.72,813.43,500.0,906.72,475.75,964.55,444.03,1003.73,401.12,1320.9,486.94,1445.9,966.42,1447.76,1031.72,1305.97,1009.33,1042.91,957.09,981.34,902.99,867.54,895.52,766.79,867.54,731.34,901.12,692.16,1001.87,630.6,1070.9,488.81,1108.21,264.93,958.96,220.15,960.82,158.58,1014.93,141.79,947.8,72.8,804.1,52.2,815.3,18.7,630.6,13.06,617.54,48.51]],"area":738043.0,"bbox":[386.19,13.06,722.02,1434.7],"iscrowd":0,"attributes":{"occluded":false}},{"id":53,"image_id":42,"category_id":1,"segmentation":[[655.76,20.8,520.79,17.11,504.16,61.48,439.45,67.03,419.11,102.15,297.08,113.25,345.16,150.22,404.32,654.96,437.6,719.67,396.92,727.06,398.77,826.9,315.57,1294.66,300.78,1346.42,300.78,1398.19,432.05,1427.77,452.39,1411.13,746.35,1411.13,750.05,1433.32,879.47,1401.89,875.77,1329.79,860.98,1298.36,785.18,821.35,787.03,751.1,748.2,730.76,788.88,645.71,955.27,534.78,971.91,279.64,929.39,250.06,842.49,198.29,840.64,113.25,753.75,92.91,738.96,63.33,676.1,57.78]],"area":667932.0,"bbox":[297.08,17.11,674.83,1416.21],"iscrowd":0,"attributes":{"occluded":false}},{"id":54,"image_id":43,"category_id":1,"segmentation":[[5270.34,3.56,5497.94,1504.29,5405.48,1546.96,5348.58,1810.12,5142.32,1902.59,5021.41,2734.75,5128.09,3147.27,5199.22,3268.18,6465.24,3325.08,6586.15,2841.43,6543.48,2009.27,6301.65,1902.59,6209.19,1625.2,6145.18,1554.08,6209.19,1305.14,6443.9,1262.46,6564.81,238.27,6372.78,67.57,6337.21,10.67]],"area":3963891.0,"bbox":[5021.41,3.56,1564.74,3321.52],"iscrowd":0,"attributes":{"occluded":false}},{"id":55,"image_id":43,"category_id":1,"segmentation":[[1735.44,39.12,611.67,88.91,697.02,1610.98,675.69,1923.92,611.67,1938.15,625.9,2144.41,476.54,2208.42,305.84,3168.61,384.07,3374.87,718.36,3403.32,739.7,3261.07,1450.94,3253.96,1465.17,3374.87,1927.48,3367.76,1927.48,3225.51,1998.61,3211.28,1899.03,2201.31,1721.22,2037.72,1742.56,1859.91,1635.87,1838.57,1642.98,1376.26,1941.71,1269.58,1863.47,430.3,1714.11,323.62]],"area":4181388.0,"bbox":[305.84,39.12,1692.77,3364.2],"iscrowd":0,"attributes":{"occluded":false}},{"id":56,"image_id":43,"category_id":1,"segmentation":[[3570.46,138.69,3712.71,266.72,3741.16,1447.39,3662.92,2400.46,3506.45,2649.4,3549.12,3118.82,3719.82,3374.87,4829.37,3353.53,4872.04,3040.58,4886.27,2656.51,4751.13,2443.13,4701.35,1461.61,5071.19,949.52,5049.86,565.44,4857.82,330.73,4772.47,124.47,4438.18,46.23,3904.75,46.23]],"area":3893028.0,"bbox":[3506.45,46.23,1564.74,3328.64],"iscrowd":0,"attributes":{"occluded":false}},{"id":57,"image_id":43,"category_id":1,"segmentation":[[1931.0,483.0,1936.0,483.0,1947.0,497.0,1956.0,501.0,1987.0,503.0,2024.0,580.0,2012.0,593.0,2275.99,1867.02,2240.43,2229.76,2240.43,2443.13,2105.29,2457.36,2069.73,3232.62,2162.19,3374.87,3406.88,3289.52,3421.1,2962.35,3364.2,2464.47,3229.06,2421.8,3207.73,1739.0,3598.91,1546.96,3627.36,1255.35,3577.57,679.24,3271.74,586.78,3300.19,451.64,2987.24,352.07,2965.9,259.61,2489.37,273.83,2453.8,359.2,2183.53,366.29,1927.48,487.2]],"area":3808561.0,"bbox":[1927.48,259.61,1699.88,3115.26],"iscrowd":0,"attributes":{"occluded":false}},{"id":58,"image_id":44,"category_id":1,"segmentation":[[289.62,23.9,278.92,33.53,285.34,131.96,273.57,215.42,277.85,253.93,290.69,253.93,290.69,242.16,344.18,246.44,354.88,255.0,355.95,160.85,345.25,156.57,344.18,131.96,369.86,98.79,372.0,35.67,351.67,23.9]],"area":17568.0,"bbox":[273.57,23.9,98.43,231.1],"iscrowd":0,"attributes":{"occluded":false}},{"id":59,"image_id":44,"category_id":1,"segmentation":[[162.3,17.48,79.91,19.62,74.56,48.51,46.74,53.86,49.95,104.14,66.0,105.21,60.65,61.34,78.84,61.34,83.12,135.17,57.44,157.64,56.37,204.72,59.58,227.18,117.36,251.79,184.76,235.74,190.11,191.88,183.7,177.97,183.7,154.43,151.6,145.87,155.88,47.44,169.79,36.74]],"area":22832.0,"bbox":[46.74,17.48,143.37,234.31],"iscrowd":0,"attributes":{"occluded":false}},{"id":60,"image_id":44,"category_id":1,"segmentation":[[479.0,19.62,471.51,30.32,440.48,35.67,442.62,47.44,452.25,60.27,456.53,113.77,475.79,152.29,457.6,171.5,443.69,238.95,456.53,249.65,502.54,249.65,540.0,250.7,543.2,213.3,527.1,171.5,522.86,144.8,554.96,121.26,569.94,66.69,536.77,61.34,544.26,45.3,526.07,30.32]],"area":19592.0,"bbox":[440.48,19.62,129.46,231.08],"iscrowd":0,"attributes":{"occluded":false}},{"id":61,"image_id":45,"category_id":1,"segmentation":[[165.57,104.28,173.53,118.61,191.84,215.72,187.86,287.36,175.92,302.49,167.96,415.52,175.12,435.42,308.86,433.83,321.59,396.42,320.0,277.81,305.67,277.81,304.08,242.79,333.53,217.31,337.51,127.36,324.78,112.24,324.78,97.91,270.65,86.77,218.11,86.77]],"area":49419.0,"bbox":[165.57,86.77,171.94,348.65],"iscrowd":0,"attributes":{"occluded":false}},{"id":62,"image_id":46,"category_id":1,"segmentation":[[343.3,34.8,320.9,73.4,278.61,145.52,237.56,206.47,271.14,407.96,301.0,405.47,273.63,226.37,277.36,190.3,317.16,170.4,338.31,171.64,364.43,487.56,373.13,500.0,356.96,551.0,276.12,582.09,278.61,660.45,252.49,822.14,268.66,896.77,325.87,900.5,350.75,929.1,364.43,958.96,409.2,982.59,477.61,976.37,493.78,937.81,657.96,920.4,672.89,957.71,728.86,957.71,747.51,879.35,721.39,623.13,605.72,563.43,590.8,504.98,606.96,495.02,629.35,174.13,657.96,154.23,689.05,177.86,656.72,378.11,689.05,391.79,727.6,150.5,661.7,119.4,641.8,62.2,538.6,21.1,419.2,27.4]],"area":340243.0,"bbox":[237.56,21.1,509.95,961.49],"iscrowd":0,"attributes":{"occluded":false}},{"id":63,"image_id":47,"category_id":1,"segmentation":[[464.75,135.65,463.64,147.91,431.32,147.91,433.55,165.75,442.46,179.12,439.12,299.49,434.66,356.33,419.06,370.82,417.94,462.21,454.72,483.38,568.41,483.38,582.89,465.55,570.63,397.57,550.57,357.44,539.43,301.72,576.21,283.89,572.86,206.98,545.0,193.61,547.23,159.06,519.37,147.91,519.37,134.54]],"area":44278.0,"bbox":[417.94,134.54,164.95,348.84],"iscrowd":0,"attributes":{"occluded":false}},{"id":64,"image_id":48,"category_id":1,"segmentation":[[180.22,82.39,188.23,88.68,187.09,116.14,172.79,125.87,185.95,212.26,179.65,247.16,172.21,259.18,170.5,324.98,193.96,331.27,206.54,319.83,254.03,318.68,264.33,328.98,288.93,328.41,287.21,266.04,279.78,247.74,276.92,224.28,297.51,211.69,295.8,141.89,281.49,136.17,281.49,82.39]],"area":26377.0,"bbox":[170.5,82.39,127.01,248.88],"iscrowd":0,"attributes":{"occluded":false}},{"id":65,"image_id":49,"category_id":1,"segmentation":[[395.26,15.87,384.79,89.16,468.55,141.51,515.67,680.74,510.43,780.2,400.49,1062.9,400.49,1288.02,458.08,1327.28,486.87,1301.1,575.87,1350.84,609.9,1405.81,769.57,1405.81,1044.42,1235.67,929.24,819.47,918.77,717.38,1083.68,453.01,1086.3,327.36,1036.56,217.42,939.71,167.69,934.48,128.43,808.83,76.07,568.02,73.46]],"area":688605.0,"bbox":[384.79,15.87,701.51,1389.94],"iscrowd":0,"attributes":{"occluded":false}},{"id":66,"image_id":50,"category_id":1,"segmentation":[[1031.0,263.0,1019.0,268.0,1019.0,281.0,1019.0,276.0,1019.0,280.0,1024.0,285.0,1032.0,284.0,1031.0,415.0,1029.0,417.0,1031.0,443.0,1029.0,683.0,1024.0,685.0,1021.0,683.0,1021.0,676.0,1021.0,682.0,1019.0,684.0,937.0,691.0,934.0,693.0,917.0,694.0,893.0,699.0,885.0,704.0,887.0,797.0,890.0,804.0,899.0,814.0,901.0,833.0,906.0,974.0,909.0,1001.0,908.0,1014.0,914.0,1129.0,910.0,1133.0,915.0,1137.0,919.0,1145.0,932.0,1152.0,991.0,1161.0,992.0,1168.0,990.0,1170.0,993.0,1175.0,989.0,1179.0,990.0,1185.0,986.0,1189.0,988.0,1196.0,968.0,1200.0,965.0,1206.0,957.0,1203.0,952.0,1209.0,950.0,1215.0,952.0,1217.0,947.0,1229.0,934.0,1285.0,919.0,1363.0,908.0,1451.0,901.0,1458.0,887.0,1604.0,884.0,1665.0,898.0,1680.0,899.0,1688.0,907.0,1695.0,926.0,1704.0,970.0,1716.0,969.0,1739.0,972.0,1742.0,969.0,1745.0,959.0,1748.0,955.0,1753.0,958.0,1758.0,980.0,1763.0,1022.0,1763.0,1043.0,1760.0,1063.0,1754.0,1078.0,1754.0,1081.0,1757.0,1104.0,1757.0,1109.0,1762.0,1278.0,1762.0,1282.0,1759.0,1301.0,1762.0,1319.0,1762.0,1329.0,1771.0,1339.0,1762.0,1358.0,1761.0,1371.0,1757.0,1373.0,1755.0,1367.0,1748.0,1356.0,1744.0,1359.0,1736.0,1355.0,1733.0,1355.0,1719.0,1360.0,1715.0,1379.0,1711.0,1400.0,1702.0,1409.0,1693.0,1410.0,1688.0,1424.0,1677.0,1427.0,1670.0,1430.0,1670.0,1428.0,1671.0,1426.0,1669.0,1420.0,1562.0,1413.0,1486.0,1410.0,1480.0,1409.0,1461.0,1398.0,1450.0,1397.0,1430.0,1384.0,1336.0,1368.0,1260.0,1353.0,1205.0,1356.0,1203.0,1351.0,1196.0,1356.0,1203.0,1363.0,1203.0,1485.0,1180.0,1509.0,1169.0,1513.0,1165.0,1510.0,1161.0,1515.0,1157.0,1514.0,1159.0,1518.0,1162.0,1534.0,1146.0,1541.0,1135.0,1553.0,1094.0,1569.0,984.0,1578.0,843.0,1578.0,773.0,1569.0,747.0,1553.0,726.0,1555.0,722.0,1550.0,725.0,1535.0,713.0,1520.0,706.0,1489.0,699.0,1439.0,698.0,1437.0,688.0,1428.0,679.0,1415.0,675.0,1389.0,676.0,1387.0,674.0,1377.0,674.0,1356.0,681.0,1351.0,689.0,1345.0,686.0,1344.0,287.0,1351.0,279.0,1351.0,270.0,1348.0,267.0,1304.0,261.0,1247.0,258.0,1101.0,258.0]],"area":734096.0,"bbox":[884.0,258.0,694.0,1513.0],"iscrowd":0,"attributes":{"occluded":false}},{"id":67,"image_id":51,"category_id":1,"segmentation":[[1880.53,33.62,1895.07,414.77,1806.24,466.46,1801.39,699.02,2045.27,739.4,2124.4,728.09,2127.63,623.12,2189.0,587.58,2221.31,594.04,2219.69,493.91,2206.77,442.23,2150.24,426.08,2164.78,33.62]],"area":215370.0,"bbox":[1801.39,33.62,419.92,705.78],"iscrowd":0,"attributes":{"occluded":false}},{"id":68,"image_id":52,"category_id":1,"segmentation":[[881.99,191.04,955.22,1194.03,1050.75,1244.98,1047.56,1340.5,993.43,1340.5,872.44,1611.14,802.39,2190.65,977.51,2232.04,1034.83,2155.62,1490.15,2158.81,1560.2,2212.94,1728.96,2197.01,1697.11,1709.85,1557.01,1334.13,1509.25,1324.58,1518.81,1222.69,1572.94,1181.29,1611.14,550.85,1662.09,999.8,1738.51,1002.99,1776.72,241.99,1709.85,197.41,1655.72,203.78,1426.47,159.2,1120.8,143.28]],"area":1557332.0,"bbox":[802.39,143.28,974.33,2088.76],"iscrowd":0,"attributes":{"occluded":false}},{"id":69,"image_id":53,"category_id":1,"segmentation":[[254.48,126.12,269.4,261.19,265.67,297.01,256.72,307.46,254.48,324.63,247.76,332.09,243.28,375.37,243.28,423.88,255.97,445.52,279.1,441.79,279.1,432.09,347.76,439.55,338.06,442.54,362.69,444.78,370.9,431.34,379.1,356.72,373.13,329.85,360.45,329.1,353.73,301.49,352.24,261.94,385.82,230.6,388.81,145.52,366.42,137.31,361.19,118.66]],"area":37022.0,"bbox":[243.28,118.66,145.53,326.86],"iscrowd":0,"attributes":{"occluded":false}},{"id":70,"image_id":54,"category_id":1,"segmentation":[[199.43,8.37,200.96,22.84,166.7,37.3,165.94,60.9,140.06,70.79,160.61,95.91,165.94,256.52,178.12,296.1,177.36,312.85,162.9,356.24,121.79,379.07,102.0,487.93,114.94,556.43,140.06,568.61,140.82,550.34,230.64,577.75,230.64,599.82,267.94,605.91,305.24,602.1,305.24,586.12,365.37,574.7,381.36,581.55,408.76,574.7,416.37,470.42,398.87,445.3,398.87,387.45,338.73,369.18,327.31,354.72,313.61,316.66,315.9,278.6,385.16,231.4,384.4,98.96,337.21,97.43,333.4,71.55,315.9,66.22,321.99,38.06,293.82,20.55,293.82,6.85]],"area":126816.0,"bbox":[102.0,6.85,314.37,599.06],"iscrowd":0,"attributes":{"occluded":false}},{"id":71,"image_id":55,"category_id":1,"segmentation":[[440.0,41.0,436.0,82.0,433.0,84.0,479.2,619.3,450.5,869.3,428.26,1168.56,477.61,1189.25,415.52,1232.24,509.45,1273.63,776.92,1262.49,875.62,1244.98,807.16,1205.17,800.8,1182.89,861.29,1181.29,835.82,858.11,823.08,640.0,854.93,74.83,848.6,36.6,659.1,0.0]],"area":482860.0,"bbox":[415.52,0.0,460.1,1273.63],"iscrowd":0,"attributes":{"occluded":false}},{"id":72,"image_id":56,"category_id":1,"segmentation":[[276.31,54.04,276.31,66.99,288.49,93.63,296.87,244.34,287.73,251.96,278.6,323.51,262.61,344.06,255.76,464.33,264.13,500.1,323.51,500.87,326.55,492.49,384.4,497.82,440.73,476.51,446.82,446.82,437.69,341.01,423.22,334.16,422.46,271.75,462.04,213.9,455.19,91.34,435.4,78.4,433.12,51.76]],"area":73289.0,"bbox":[255.76,51.76,206.28,449.11],"iscrowd":0,"attributes":{"occluded":false}},{"id":73,"image_id":57,"category_id":1,"segmentation":[[641.0,107.0,644.0,110.0,641.0,113.0,639.0,122.0,638.0,144.0,633.0,149.0,656.44,155.16,670.25,469.58,668.71,547.8,634.97,572.34,636.5,609.15,613.5,641.36,605.83,730.31,627.3,885.22,653.37,908.23,624.23,912.83,676.38,931.23,719.33,923.56,691.72,891.36,855.83,886.75,840.49,911.29,917.18,920.5,900.31,885.22,924.85,876.02,941.72,714.98,935.58,638.29,903.37,618.35,889.57,543.2,889.57,469.58,944.79,402.09,966.26,179.7,907.98,144.42,911.04,107.61]],"area":227501.0,"bbox":[605.83,107.0,360.43,824.23],"iscrowd":0,"attributes":{"occluded":false}},{"id":74,"image_id":58,"category_id":1,"segmentation":[[111.19,8.96,108.6,16.0,94.03,20.9,93.66,27.24,79.85,28.36,79.85,33.96,88.06,44.03,89.55,57.46,95.15,66.79,98.51,167.54,86.57,172.39,70.9,185.45,54.48,277.99,66.79,284.33,66.04,294.78,82.09,292.54,81.72,285.45,178.73,287.31,181.72,292.16,198.88,289.18,206.34,283.21,208.58,251.87,198.13,185.82,179.1,172.39,172.39,172.39,179.1,112.31,192.91,110.82,193.66,35.45,177.99,31.72,173.51,17.54,159.3,9.0]],"area":30473.0,"bbox":[54.48,8.96,154.1,285.82],"iscrowd":0,"attributes":{"occluded":false}},{"id":75,"image_id":59,"category_id":1,"segmentation":[[871.64,47.76,900.3,109.85,725.97,195.82,800.0,1002.99,752.24,1007.76,761.79,1117.61,735.52,1160.6,723.58,1196.42,620.9,1210.75,611.34,1750.45,1036.42,1860.3,1521.19,1774.33,1521.19,1502.09,1490.15,1454.33,1459.1,1232.24,1275.22,1179.7,1258.51,1153.43,1258.51,1022.09,1215.52,1022.09,1296.72,179.1,1244.18,171.94,1155.82,114.63,1105.67,114.63,1105.7,45.4,952.84,38.21]],"area":1087347.0,"bbox":[611.34,38.21,909.85,1822.09],"iscrowd":0,"attributes":{"occluded":false}},{"id":76,"image_id":60,"category_id":1,"segmentation":[[415.0,41.0,171.0,25.0,166.0,51.0,142.0,59.0,126.0,42.0,134.0,95.0,159.0,119.0,166.3,265.1,194.0,454.0,165.0,463.0,147.0,493.0,125.0,580.0,108.0,845.0,121.0,858.0,152.0,820.0,261.0,835.0,426.0,825.0,451.0,857.0,467.0,847.0,462.0,603.0,427.0,471.0,387.0,454.0,397.0,353.0,435.0,351.0,440.0,198.0,451.0,178.0,424.0,148.0,420.0,123.0,439.0,84.0,415.0,71.0]],"area":232362.0,"bbox":[108.0,25.0,359.0,833.0],"iscrowd":0,"attributes":{"occluded":false}},{"id":77,"image_id":61,"category_id":1,"segmentation":[[148.88,1.87,117.16,1.12,117.16,8.21,79.48,12.69,85.07,20.15,96.27,157.46,75.75,281.34,82.09,294.4,95.15,296.64,102.24,286.19,169.4,289.55,172.39,297.76,187.31,297.76,196.27,278.36,172.39,158.58,177.61,132.46,217.91,108.21,221.27,42.16,210.82,32.84,186.94,31.34,187.3,11.2,153.4,6.7]],"area":30305.0,"bbox":[75.75,1.12,145.52,296.64],"iscrowd":0,"attributes":{"occluded":false}},{"id":78,"image_id":62,"category_id":1,"segmentation":[[263.43,64.18,263.43,80.6,238.81,79.1,224.63,92.54,220.9,110.45,233.58,110.45,249.25,305.22,237.31,312.69,234.33,341.04,198.51,364.93,170.9,493.28,182.09,512.69,351.49,538.81,411.19,473.88,405.22,441.04,400.0,432.84,383.58,358.21,368.66,344.78,364.93,301.49,350.75,291.04,350.75,260.45,394.78,246.27,407.46,138.06,365.67,129.85,368.66,81.34,340.3,78.36,337.31,59.7]],"area":75943.0,"bbox":[170.9,59.7,240.29,479.11],"iscrowd":0,"attributes":{"occluded":false}},{"id":79,"image_id":63,"category_id":1,"segmentation":[[931.14,60.61,932.81,85.64,964.52,102.33,947.83,135.71,856.05,147.39,856.05,402.7,907.78,489.47,972.86,519.51,979.53,658.01,971.19,723.09,859.39,799.85,844.37,1218.7,927.8,1250.41,1281.57,1292.12,1408.39,1262.09,1456.79,1166.97,1456.79,771.48,1383.36,716.42,1349.99,714.75,1344.98,656.34,1363.34,119.02,1380.02,102.33,1354.99,65.62,1281.57,38.92]],"area":619154.0,"bbox":[844.37,38.92,612.42,1253.2],"iscrowd":0,"attributes":{"occluded":false}},{"id":80,"image_id":64,"category_id":1,"segmentation":[[1620.7,182.59,1620.7,243.41,1445.39,254.15,1398.88,325.7,1470.44,397.26,1463.28,708.52,1563.46,958.96,1506.22,980.42,1448.97,1173.62,1409.62,1241.59,1373.84,1570.74,1388.15,1656.61,1896.19,1706.7,2050.03,1585.06,2014.25,1220.13,1960.58,1173.62,1949.85,1016.2,1885.45,969.69,2039.29,865.94,2139.47,629.81,2139.47,479.54,2010.67,425.88,2010.67,322.12,1992.78,257.72,1842.52,239.84,1803.17,182.59]],"area":847348.0,"bbox":[1373.84,182.59,765.63,1524.11],"iscrowd":0,"attributes":{"occluded":false}},{"id":81,"image_id":65,"category_id":1,"segmentation":[[510.04,48.29,544.2,321.57,537.13,414.63,518.28,434.65,518.28,461.74,497.08,506.5,473.52,527.71,469.99,563.04,493.55,684.37,736.2,691.44,746.8,555.98,731.48,534.77,752.69,481.77,747.98,418.16,726.77,400.49,719.71,358.09,765.64,269.74,776.25,108.37,752.69,84.81,755.04,45.94]],"area":151259.0,"bbox":[469.99,45.94,306.26,645.5],"iscrowd":0,"attributes":{"occluded":false}},{"id":82,"image_id":66,"category_id":1,"segmentation":[[298.51,58.51,232.24,51.94,162.99,65.67,179.1,77.61,183.88,225.07,175.52,326.57,164.78,341.49,162.39,400.0,180.9,428.66,307.46,429.25,315.82,403.58,304.48,331.34,291.94,219.7,327.16,176.12,339.7,144.48,338.51,108.66,321.79,88.96,296.72,80.0]],"area":50376.0,"bbox":[162.39,51.94,177.31,377.31],"iscrowd":0,"attributes":{"occluded":false}},{"id":83,"image_id":67,"category_id":1,"segmentation":[[239.31,5.27,197.72,2.34,191.86,15.23,180.15,15.82,138.55,37.49,136.21,49.79,145.0,50.97,165.5,235.5,156.13,244.29,156.13,274.75,146.75,279.44,96.96,284.71,80.56,364.38,71.77,394.84,78.8,435.85,88.76,445.81,107.5,449.32,108.09,439.37,178.39,448.74,188.93,455.18,194.79,465.73,210.61,465.73,214.12,448.15,292.04,431.16,292.04,438.78,309.61,444.64,313.71,428.82,322.5,426.48,325.43,383.71,316.64,302.87,311.37,293.5,290.28,289.4,289.11,278.26,276.81,275.92,275.63,212.65,316.1,206.2,329.53,96.07,286.76,69.13,287.94,33.98,243.41,15.82]],"area":77726.0,"bbox":[71.77,2.34,257.76,463.39],"iscrowd":0,"attributes":{"occluded":false}},{"id":84,"image_id":68,"category_id":1,"segmentation":[[118.8,3.1,150.1,3.0,186.35,24.58,204.78,41.78,197.41,76.8,242.88,98.92,233.66,213.21,193.11,224.27,185.73,248.84,196.79,250.69,196.18,281.41,203.55,281.41,203.55,292.47,227.51,299.84,241.03,385.25,237.35,423.34,176.52,479.25,156.24,482.94,137.19,463.28,54.25,452.22,43.8,457.13,43.8,468.19,22.3,470.04,18.0,459.59,10.01,451.6,1.41,409.82,25.37,313.97,68.99,299.84,68.99,290.01,81.28,282.02,81.28,253.76,90.5,250.07,70.84,49.15,59.16,41.17,111.39,14.13]],"area":74826.0,"bbox":[1.41,3.0,241.47,479.94],"iscrowd":0,"attributes":{"occluded":false}},{"id":85,"image_id":69,"category_id":1,"segmentation":[[171.62,8.79,170.75,21.86,177.72,25.34,182.94,115.51,178.15,151.22,172.49,156.45,170.75,178.23,158.55,186.94,158.12,216.56,164.65,262.3,265.71,263.6,270.93,216.13,267.45,181.28,260.91,178.67,255.69,158.63,250.9,152.97,252.64,126.83,275.29,105.49,278.34,26.65,271.8,20.11,259.61,17.94,260.04,9.22,243.49,4.0,201.67,5.3]],"area":24477.0,"bbox":[158.12,4.0,120.22,259.6],"iscrowd":0,"attributes":{"occluded":false}},{"id":86,"image_id":70,"category_id":1,"segmentation":[[165.0,35.0,140.0,55.0,153.0,72.0,160.0,259.0,129.0,287.0,128.0,431.0,155.0,428.0,164.0,449.0,204.0,455.0,224.0,435.0,295.0,432.0,298.0,448.0,320.0,446.0,327.0,296.0,289.0,261.0,289.0,206.0,336.3,193.1,338.0,74.3,302.0,66.0,307.0,49.0,322.0,47.0,319.0,36.0]],"area":71064.0,"bbox":[128.0,35.0,210.0,420.0],"iscrowd":0,"attributes":{"occluded":false}},{"id":87,"image_id":71,"category_id":1,"segmentation":[[131.01,111.96,131.01,119.52,119.67,120.15,120.93,132.74,111.48,134.63,118.41,210.84,117.78,227.22,105.19,262.49,100.15,321.7,114.63,338.08,180.14,338.08,192.11,324.85,191.48,263.12,174.47,224.7,178.25,207.07,204.07,191.32,206.59,166.12,200.92,130.85,173.21,126.44,173.21,118.26,163.76,119.52,163.76,111.96]],"area":17807.0,"bbox":[100.15,111.96,106.44,226.12],"iscrowd":0,"attributes":{"occluded":false}},{"id":88,"image_id":71,"category_id":1,"segmentation":[[425.15,110.7,430.82,138.41,437.75,219.03,432.08,267.53,425.15,271.31,425.15,329.26,437.75,343.74,498.85,345.0,506.41,333.67,505.78,270.68,500.11,259.97,496.96,224.07,520.26,190.69,524.67,121.41,513.96,113.85,507.04,113.85,500.11,109.44]],"area":18523.0,"bbox":[425.15,109.44,99.52,235.56],"iscrowd":0,"attributes":{"occluded":false}},{"id":89,"image_id":71,"category_id":1,"segmentation":[[291.62,111.96,273.36,120.15,269.58,132.74,251.94,149.12,252.57,203.92,260.13,205.18,261.39,165.5,270.21,161.09,273.99,218.4,272.1,239.19,258.87,247.38,245.64,295.25,250.68,322.96,263.28,328.63,274.62,346.26,286.58,356.34,374.13,339.96,376.02,293.36,360.91,237.3,338.86,237.3,327.53,216.51,331.3,143.45,348.31,136.52,338.23,125.81,328.79,125.81,313.67,111.96]],"area":20991.0,"bbox":[245.64,111.96,130.38,244.38],"iscrowd":0,"attributes":{"occluded":false}},{"id":90,"image_id":72,"category_id":1,"segmentation":[[574.0,81.9,578.6,265.95,515.34,287.81,517.64,339.57,525.69,366.03,526.84,502.91,551.0,512.12,509.59,752.53,515.34,764.03,764.95,764.03,766.1,651.3,736.2,532.82,815.57,491.41,835.12,423.54,839.72,290.11,790.26,267.1,726.99,264.8,728.14,88.8,651.07,69.25]],"area":160538.0,"bbox":[509.59,69.25,330.13,694.78],"iscrowd":0,"attributes":{"occluded":false}},{"id":91,"image_id":73,"category_id":1,"segmentation":[[705.35,22.62,235.56,23.96,186.32,53.23,184.99,79.85,220.92,86.5,231.57,270.16,278.15,463.13,292.79,483.1,266.17,661.43,211.6,841.09,223.58,859.73,219.6,1067.3,763.9,1064.7,757.25,799.84,706.68,662.76,690.71,569.6,790.5,529.7,822.46,476.44,837.1,202.29,818.47,149.05,789.19,131.75,790.52,75.86]],"area":557772.0,"bbox":[184.99,22.62,652.11,1044.68],"iscrowd":0,"attributes":{"occluded":false}},{"id":92,"image_id":74,"category_id":1,"segmentation":[[935.32,203.98,890.55,228.86,885.57,268.66,818.41,268.66,751.24,303.48,723.88,333.33,738.81,402.99,791.04,395.52,835.82,1012.44,796.02,1019.9,796.02,1129.35,681.59,1201.49,599.5,1509.95,577.11,1582.09,577.11,1676.62,624.38,1661.69,631.84,1711.44,681.59,1674.13,1161.69,1746.27,1268.66,1661.69,1328.36,1579.6,1340.8,1452.74,1310.95,1417.91,1271.14,1176.62,1226.37,1171.64,1223.88,1101.99,1189.05,1000.0,1176.62,858.21,1313.43,833.33,1340.8,485.07,1276.12,445.27,1231.34,445.27,1233.83,305.97,1201.49,276.12,1121.89,276.12,1121.89,226.37,1019.9,203.98]],"area":791977.0,"bbox":[577.11,203.98,763.69,1542.29],"iscrowd":0,"attributes":{"occluded":false}},{"id":93,"image_id":75,"category_id":1,"segmentation":[[416.67,131.84,394.28,148.01,394.28,164.18,409.2,201.49,425.37,395.52,405.47,424.13,393.04,534.83,376.87,555.97,363.18,751.24,613.18,753.73,631.84,711.44,626.87,546.02,606.96,532.34,601.99,467.66,644.28,381.84,646.77,200.25,616.92,177.86,605.72,134.33]],"area":144136.0,"bbox":[363.18,131.84,283.59,621.89],"iscrowd":0,"attributes":{"occluded":false}},{"id":94,"image_id":76,"category_id":1,"segmentation":[[566.69,449.0,537.72,495.35,534.82,579.35,424.75,643.08,401.57,677.84,401.57,982.0,459.51,987.8,491.37,857.44,485.58,706.81,555.1,680.74,572.48,1121.05,595.66,1164.5,589.86,1216.64,497.17,1222.44,497.17,1277.47,459.51,1306.44,404.47,1541.08,439.23,1749.65,688.35,1874.21,1241.63,1822.07,1244.53,1674.33,1166.32,1303.54,1085.21,1297.75,1102.59,1216.64,1009.89,1219.54,998.31,1132.64,1035.96,643.08,1053.34,588.04,1114.18,567.77,1122.87,512.73,1041.76,506.93,1021.48,451.9,795.53,422.93]],"area":871290.0,"bbox":[401.57,422.93,842.96,1451.28],"iscrowd":0,"attributes":{"occluded":false}},{"id":95,"image_id":77,"category_id":1,"segmentation":[[749.37,37.95,670.86,34.97,665.89,22.05,630.11,22.05,633.09,10.13,541.66,12.11,541.66,22.05,512.83,24.04,512.83,38.95,487.99,44.91,488.98,60.81,499.91,69.76,509.85,279.46,473.08,335.12,472.09,508.05,485.01,518.98,630.11,528.92,636.07,504.08,588.37,510.04,586.38,497.12,627.13,484.2,709.62,474.26,698.69,336.11,679.8,290.4,679.8,243.68,747.39,198.96]],"area":109247.0,"bbox":[472.09,10.13,277.28,518.79],"iscrowd":0,"attributes":{"occluded":false}},{"id":96,"image_id":78,"category_id":1,"segmentation":[[178.69,15.91,178.29,24.89,169.72,24.89,169.72,31.01,162.37,33.05,157.07,46.92,165.64,51.81,175.43,144.02,170.13,146.46,170.13,154.62,144.42,171.35,144.02,188.89,137.9,210.52,142.38,232.55,151.36,242.34,159.11,238.67,195.42,244.79,200.72,251.31,210.11,249.68,211.33,242.34,241.11,224.79,243.97,228.47,250.91,226.83,253.76,201.95,247.64,157.07,226.83,153.81,225.61,123.21,244.38,119.13,249.27,65.28,234.59,53.85,227.24,54.67,227.24,48.55,236.63,43.25,217.04,19.99]],"area":18063.0,"bbox":[137.9,15.91,115.86,235.4],"iscrowd":0,"attributes":{"occluded":false}},{"id":97,"image_id":79,"category_id":1,"segmentation":[[1944.92,1.41,1931.82,336.01,1961.12,778.41,1838.82,907.31,1842.02,1161.71,1902.02,1251.41,2058.12,1281.41,2393.1,1290.3,2424.2,841.4,2273.62,553.61,2371.82,514.81,2412.42,159.81,2291.92,128.51,2293.92,0.0,1957.22,0.0]],"area":592195.0,"bbox":[1838.82,0.0,585.38,1290.3],"iscrowd":0,"attributes":{"occluded":false}},{"id":98,"image_id":79,"category_id":1,"segmentation":[[1339.04,77.66,1325.94,412.26,1355.24,854.66,1302.9,1073.6,1316.1,1288.0,1296.14,1327.66,1452.24,1357.66,1787.21,1366.56,1818.31,917.66,1667.74,629.86,1875.9,431.1,1806.54,236.06,1686.04,204.76,1688.04,76.26,1351.33,76.26]],"area":573748.0,"bbox":[1296.14,76.26,579.76,1290.3],"iscrowd":0,"attributes":{"occluded":false}},{"id":99,"image_id":79,"category_id":1,"segmentation":[[252.9,80.0,239.8,414.6,269.1,857.0,146.8,985.9,150.0,1240.3,210.0,1330.0,366.1,1360.0,701.1,1308.9,652.2,920.0,581.6,632.2,679.8,593.4,720.4,238.4,599.9,207.1,602.5,40.0]],"area":560630.0,"bbox":[146.8,40.0,573.6,1320.0],"iscrowd":0,"attributes":{"occluded":false}},{"id":100,"image_id":79,"category_id":1,"segmentation":[[829.04,157.66,755.9,282.3,845.2,844.7,872.9,963.6,756.1,1018.0,806.1,1367.7,942.2,1327.7,1040.3,1320.0,1247.7,1320.0,1168.3,967.7,1157.74,709.86,1255.94,671.06,1296.54,316.06,1176.04,284.76,1178.04,156.26,841.33,156.26]],"area":488223.0,"bbox":[755.9,156.26,540.64,1211.44],"iscrowd":0,"attributes":{"occluded":false}},{"id":101,"image_id":80,"category_id":1,"segmentation":[[3841.08,282.53,3567.97,386.12,3662.14,489.71,3685.69,1558.61,3742.19,1779.92,3680.98,2222.55,3662.14,2618.08,3549.13,2848.81,3544.42,3244.35,3685.69,3536.3,3897.58,3583.38,4085.93,3465.67,4476.76,3479.79,4608.61,3578.68,4759.29,3550.42,4900.55,3319.69,4881.72,2919.45,4745.16,2684.01,4731.04,2236.67,4707.49,1718.71,4990.02,1276.08,5074.78,974.72,5008.86,663.94,4862.88,550.93,4768.71,527.38,4759.29,348.45,4420.26,268.4,4128.31,254.27,4118.89,263.69]],"area":3857957.0,"bbox":[3544.42,254.27,1530.36,3329.11],"iscrowd":0,"attributes":{"occluded":false}},{"id":102,"image_id":80,"category_id":1,"segmentation":[[2960.53,489.71,2668.59,475.59,2687.42,485.0,2451.98,527.38,2451.98,588.6,2122.37,602.72,1938.73,678.07,2032.9,800.49,2263.63,2128.37,2230.67,2462.7,2221.25,2632.21,2103.54,2712.26,2056.45,3296.15,2056.45,3465.67,2169.46,3597.51,3341.95,3564.55,3459.66,3296.15,3412.58,3239.64,3393.74,2735.8,3252.48,2599.25,3219.52,2104.83,3172.43,2114.24,3205.39,1963.56,3558.55,1794.05,3629.18,1577.44,3600.93,922.92,3586.8,871.12,3228.93,871.12,3243.06,687.48,3313.69,711.03,3285.44,612.14,3045.29,546.22]],"area":3873572.0,"bbox":[1938.73,475.59,1690.45,3121.92],"iscrowd":0,"attributes":{"occluded":false}},{"id":103,"image_id":80,"category_id":1,"segmentation":[[1604.4,117.72,1392.51,117.72,1265.37,84.76,1147.65,75.34,1180.61,75.34,667.36,160.1,559.05,268.4,610.85,362.58,705.03,2123.66,634.39,2166.04,592.01,2344.97,469.59,2410.9,422.5,2622.79,281.24,3390.32,318.91,3503.34,365.99,3531.59,403.66,3635.18,723.86,3639.89,761.53,3503.34,1439.6,3489.21,1453.72,3611.64,1910.47,3588.09,1938.73,3451.54,1976.4,3376.2,1990.52,3234.94,1896.35,2457.99,1717.41,2279.05,1726.83,2081.28,1675.04,2062.45,1665.62,1577.44,1915.18,1516.23,1919.89,663.94,1863.39,607.43,1665.62,527.38,1698.58,277.82,1750.38,244.86]],"area":4440747.0,"bbox":[281.24,75.34,1709.28,3564.55],"iscrowd":0,"attributes":{"occluded":false}},{"id":104,"image_id":80,"category_id":1,"segmentation":[[5192.5,0.0,5192.5,127.14,5258.42,211.9,5470.32,1756.38,5394.97,1822.3,5390.27,2010.65,5286.67,2062.45,5286.67,2109.54,5112.45,2118.95,5013.56,2957.12,5074.78,3362.07,5140.7,3432.7,5140.7,3296.15,5183.08,3329.11,5183.08,3541.01,5404.39,3541.01,5442.06,3357.36,6256.68,3329.11,6313.19,3503.34,6397.95,3493.92,6402.65,3545.71,6525.08,3550.42,6520.38,3498.63,6586.3,3498.63,6600.42,3098.38,6562.75,2236.67,6454.45,2109.54,6322.61,2123.66,6223.72,2020.07,6181.34,1765.79,6181.34,1558.61,6468.58,1450.3,6558.04,456.75,6393.24,263.69,6374.4,150.68,6440.33,75.34,6440.33,18.83,5197.21,14.13]],"area":4182655.0,"bbox":[5013.56,0.0,1586.86,3550.42],"iscrowd":0,"attributes":{"occluded":false}},{"id":105,"image_id":81,"category_id":1,"segmentation":[[1060.24,74.37,439.84,74.37,342.61,185.48,398.17,213.26,462.99,1190.16,453.73,1379.99,379.65,1430.92,407.43,1528.14,319.46,1551.29,259.27,1680.93,185.19,2185.58,236.12,2287.44,259.27,2375.41,1254.69,2370.78,1268.58,2222.62,1213.02,1583.7,1129.69,1500.36,1129.69,1366.1,1069.5,1338.32,1064.87,1046.64,1245.43,1009.6,1250.06,416.98,1092.65,342.9,1125.06,162.33]],"area":1917672.0,"bbox":[185.19,74.37,1083.39,2301.04],"iscrowd":0,"attributes":{"occluded":false}},{"id":106,"image_id":81,"category_id":1,"segmentation":[[1402.85,384.57,1291.73,458.65,1458.41,1398.51,1472.29,1634.63,1435.26,1731.86,1375.07,1745.75,1342.66,2167.06,1375.07,2305.96,2180.66,2305.96,2236.22,2185.58,2194.55,1768.89,2115.84,1708.71,2101.96,1403.14,2088.07,1264.24,2310.3,1162.38,2365.86,1046.64,2314.93,583.65,2134.36,569.76,2143.62,449.39,2009.36,370.68,1916.76,329.01,1634.34,333.64,1634.34,384.57]],"area":1614186.0,"bbox":[1291.73,329.01,1074.13,1976.95],"iscrowd":0,"attributes":{"occluded":false}},{"id":107,"image_id":81,"category_id":1,"segmentation":[[3078.85,213.26,2764.02,166.96,2532.53,190.11,2328.82,241.04,2416.79,338.27,2421.42,1032.75,2421.42,1500.36,2393.64,1731.86,2319.56,1907.79,2305.67,2157.8,2402.9,2301.33,3143.67,2315.22,3203.86,2171.69,3180.71,1944.83,3060.33,1759.63,3041.82,1106.83,3227.01,903.11,3301.09,704.03,3310.35,523.46,3185.34,384.57,3078.85,347.53]],"area":1596039.0,"bbox":[2305.67,166.96,1004.68,2148.26],"iscrowd":0,"attributes":{"occluded":false}},{"id":108,"image_id":81,"category_id":1,"segmentation":[[3365.91,4.92,3379.8,69.74,3463.13,162.33,3574.25,1079.05,3514.06,1157.75,3490.91,1329.06,3324.24,1370.73,3268.68,1907.79,3314.98,2199.47,3416.83,2352.26,4236.32,2324.48,4264.1,2287.44,4287.25,2042.06,4254.84,1398.51,4120.57,1347.58,4037.24,1319.8,4023.35,1162.38,4069.64,967.93,4245.58,917.0,4250.21,629.95,4166.87,666.99,4023.35,694.77,3907.6,597.54,3838.15,375.31,3916.86,222.52,4051.12,171.59,4139.09,166.96,4190.02,18.81]],"area":1673944.0,"bbox":[3268.68,4.92,1018.57,2347.34],"iscrowd":0,"attributes":{"occluded":false}},{"id":109,"image_id":82,"category_id":1,"segmentation":[[297.01,2.99,250.75,5.22,239.55,20.15,179.85,44.78,181.34,58.96,191.79,61.94,199.25,88.81,136.57,105.97,147.76,250.0,174.63,279.1,223.13,298.51,219.4,367.16,201.49,397.01,199.25,491.79,250.0,568.66,285.07,594.78,343.28,591.04,464.18,530.6,464.18,501.49,452.24,428.36,386.57,364.18,385.82,305.97,378.36,297.76,412.69,52.99,429.1,30.6,394.8,17.9,342.5,3.0]],"area":127622.0,"bbox":[136.57,2.99,327.61,591.79],"iscrowd":0,"attributes":{"occluded":false}},{"id":110,"image_id":83,"category_id":1,"segmentation":[[300.23,62.35,299.08,269.4,242.71,283.21,250.77,521.32,286.43,527.07,241.56,803.14,523.39,807.75,485.43,538.57,556.75,517.87,578.6,288.96,481.98,262.5,473.93,54.29]],"area":186243.0,"bbox":[241.56,54.29,337.04,753.46],"iscrowd":0,"attributes":{"occluded":false}},{"id":111,"image_id":84,"category_id":1,"segmentation":[[438.22,38.51,427.44,106.28,475.19,645.39,421.28,1178.34,481.35,1193.74,487.51,1223.01,428.98,1223.01,428.98,1255.36,482.89,1272.3,512.15,1263.06,770.93,1261.52,800.19,1275.38,815.6,1253.81,863.35,1241.49,858.72,1221.47,794.03,1212.23,794.03,1193.74,863.35,1179.88,812.52,642.31,847.94,97.04,843.3,43.1,727.8,9.2,604.57,12.32]],"area":479017.0,"bbox":[421.28,9.2,442.07,1266.18],"iscrowd":0,"attributes":{"occluded":false}}]}